/opt/TRASH
TRASH will be run with /data/gpfs/assoc/pgl/filip/bwtandem/ncbi_dataset/data/GCA_000001405.15/GCA_000001405.15_GRCh38_genomic.fna --o /data/gpfs/assoc/pgl/filip/bwtandem/benchmarking_results/trash/results/GCA_000001405.15_GRCh38_genomic_trash --par 2 arguments
[1] "start"
[1] "2026-04-11 03:51:22 PDT"
[1] "attaching function from: /opt/TRASH/src/fn_circos.R"
[1] "attaching function from: /opt/TRASH/src/fn_consensus_N.R"
[1] "attaching function from: /opt/TRASH/src/fn_draw_scaffold_repeat_plots.R"
[1] "attaching function from: /opt/TRASH/src/fn_edit_distance.R"
[1] "attaching function from: /opt/TRASH/src/fn_export_gff.R"
[1] "attaching function from: /opt/TRASH/src/fn_extract_all_repeats.R"
[1] "attaching function from: /opt/TRASH/src/fn_extract_kmers.R"
[1] "attaching function from: /opt/TRASH/src/fn_hash_and_reverse.R"
[1] "attaching function from: /opt/TRASH/src/fn_HOR_wrapper.R"
[1] "attaching function from: /opt/TRASH/src/fn_kmer_compare.R"
[1] "attaching function from: /opt/TRASH/src/fn_movav.R"
[1] "attaching function from: /opt/TRASH/src/fn_new_distance_N.R"
[1] "attaching function from: /opt/TRASH/src/fn_plot_edit.R"
[1] "attaching function from: /opt/TRASH/src/fn_plot_rep.R"
[1] "attaching function from: /opt/TRASH/src/fn_repeat_identifier.R"
[1] "attaching function from: /opt/TRASH/src/fn_repetitiveness.R"
[1] "attaching function from: /opt/TRASH/src/fn_rev_comp_string.R"
[1] "/opt/TRASH/libs"
[1] "/data/gpfs/assoc/pgl/filip/bwtandem/ncbi_dataset/data/GCA_000001405.15/GCA_000001405.15_GRCh38_genomic.fna"
[1] "Currently registered parallel backend name, version and cores"
[1] "doParallelMC"
[1] "1.0.17"
[1] 2
[1] "Sequences to analyse:"
                             file.name fasta.name
2  GCA_000001405.15_GRCh38_genomic.fna CM000663.2
3  GCA_000001405.15_GRCh38_genomic.fna CM000664.2
4  GCA_000001405.15_GRCh38_genomic.fna CM000665.2
5  GCA_000001405.15_GRCh38_genomic.fna CM000666.2
6  GCA_000001405.15_GRCh38_genomic.fna CM000667.2
7  GCA_000001405.15_GRCh38_genomic.fna CM000668.2
8  GCA_000001405.15_GRCh38_genomic.fna CM000669.2
9  GCA_000001405.15_GRCh38_genomic.fna CM000670.2
10 GCA_000001405.15_GRCh38_genomic.fna CM000671.2
11 GCA_000001405.15_GRCh38_genomic.fna CM000672.2
12 GCA_000001405.15_GRCh38_genomic.fna CM000673.2
13 GCA_000001405.15_GRCh38_genomic.fna CM000674.2
14 GCA_000001405.15_GRCh38_genomic.fna CM000675.2
15 GCA_000001405.15_GRCh38_genomic.fna CM000676.2
16 GCA_000001405.15_GRCh38_genomic.fna CM000677.2
17 GCA_000001405.15_GRCh38_genomic.fna CM000678.2
18 GCA_000001405.15_GRCh38_genomic.fna KI270728.1
19 GCA_000001405.15_GRCh38_genomic.fna CM000679.2
20 GCA_000001405.15_GRCh38_genomic.fna CM000680.2
21 GCA_000001405.15_GRCh38_genomic.fna CM000681.2
22 GCA_000001405.15_GRCh38_genomic.fna CM000682.2
23 GCA_000001405.15_GRCh38_genomic.fna CM000683.2
24 GCA_000001405.15_GRCh38_genomic.fna CM000684.2
25 GCA_000001405.15_GRCh38_genomic.fna CM000685.2
26 GCA_000001405.15_GRCh38_genomic.fna CM000686.2
27 GCA_000001405.15_GRCh38_genomic.fna GL339449.2
28 GCA_000001405.15_GRCh38_genomic.fna GL000250.2
29 GCA_000001405.15_GRCh38_genomic.fna KI270803.1
30 GCA_000001405.15_GRCh38_genomic.fna KI270847.1
31 GCA_000001405.15_GRCh38_genomic.fna KI270846.1
32 GCA_000001405.15_GRCh38_genomic.fna KI270853.1
33 GCA_000001405.15_GRCh38_genomic.fna KI270857.1
34 GCA_000001405.15_GRCh38_genomic.fna GL000258.2
35 GCA_000001405.15_GRCh38_genomic.fna GL949746.1
36 GCA_000001405.15_GRCh38_genomic.fna KI270897.1
37 GCA_000001405.15_GRCh38_genomic.fna GL000251.2
38 GCA_000001405.15_GRCh38_genomic.fna KI270905.1
39 GCA_000001405.15_GRCh38_genomic.fna KI270908.1
40 GCA_000001405.15_GRCh38_genomic.fna GL000252.2
41 GCA_000001405.15_GRCh38_genomic.fna GL949748.2
42 GCA_000001405.15_GRCh38_genomic.fna GL000253.2
43 GCA_000001405.15_GRCh38_genomic.fna GL949749.2
44 GCA_000001405.15_GRCh38_genomic.fna GL000254.2
45 GCA_000001405.15_GRCh38_genomic.fna GL949750.2
46 GCA_000001405.15_GRCh38_genomic.fna GL000255.2
47 GCA_000001405.15_GRCh38_genomic.fna GL949751.2
48 GCA_000001405.15_GRCh38_genomic.fna GL000256.2
49 GCA_000001405.15_GRCh38_genomic.fna KI270938.1
[1] "2026-04-11 03:57:52 PDT"
[1] "Working on sequence 1"
[1] "Repeat Identification new"
[1] "/data/gpfs/assoc/pgl/filip/bwtandem/benchmarking_results/trash/results/GCA_000001405.15_GRCh38_genomic_trash"
[1] "GCA_000001405.15_GRCh38_genomic.fna"
[1] "2026-04-11 03:57:52 PDT"
[1] "Working on sequence 2"
[1] "Repeat Identification new"
[1] "/data/gpfs/assoc/pgl/filip/bwtandem/benchmarking_results/trash/results/GCA_000001405.15_GRCh38_genomic_trash"
[1] "GCA_000001405.15_GRCh38_genomic.fna"
[1] "2026-04-11 07:53:20 PDT"
[1] "Working on sequence 14"
[1] "Repeat Identification new"
[1] "/data/gpfs/assoc/pgl/filip/bwtandem/benchmarking_results/trash/results/GCA_000001405.15_GRCh38_genomic_trash"
[1] "GCA_000001405.15_GRCh38_genomic.fna"
[1] "2026-04-11 08:26:46 PDT"
[1] "Working on sequence 11"
[1] "Repeat Identification new"
[1] "/data/gpfs/assoc/pgl/filip/bwtandem/benchmarking_results/trash/results/GCA_000001405.15_GRCh38_genomic_trash"
[1] "GCA_000001405.15_GRCh38_genomic.fna"
[1] "2026-04-11 14:58:13 PDT"
[1] "Working on sequence 16"
[1] "Repeat Identification new"
[1] "/data/gpfs/assoc/pgl/filip/bwtandem/benchmarking_results/trash/results/GCA_000001405.15_GRCh38_genomic_trash"
[1] "GCA_000001405.15_GRCh38_genomic.fna"
[1] "2026-04-11 16:23:01 PDT"
[1] "Working on sequence 13"
[1] "Repeat Identification new"
[1] "/data/gpfs/assoc/pgl/filip/bwtandem/benchmarking_results/trash/results/GCA_000001405.15_GRCh38_genomic_trash"
[1] "GCA_000001405.15_GRCh38_genomic.fna"
[1] "2026-04-11 19:34:53 PDT"
[1] "Working on sequence 3"
[1] "Repeat Identification new"
[1] "/data/gpfs/assoc/pgl/filip/bwtandem/benchmarking_results/trash/results/GCA_000001405.15_GRCh38_genomic_trash"
[1] "GCA_000001405.15_GRCh38_genomic.fna"
[1] "2026-04-11 19:57:42 PDT"
[1] "Working on sequence 4"
[1] "Repeat Identification new"
[1] "/data/gpfs/assoc/pgl/filip/bwtandem/benchmarking_results/trash/results/GCA_000001405.15_GRCh38_genomic_trash"
[1] "GCA_000001405.15_GRCh38_genomic.fna"
[1] "2026-04-11 21:54:18 PDT"
[1] "Working on sequence 18"
[1] "Repeat Identification new"
[1] "/data/gpfs/assoc/pgl/filip/bwtandem/benchmarking_results/trash/results/GCA_000001405.15_GRCh38_genomic_trash"
[1] "GCA_000001405.15_GRCh38_genomic.fna"
[1] "2026-04-11 23:50:16 PDT"
[1] "Working on sequence 15"
[1] "Repeat Identification new"
[1] "/data/gpfs/assoc/pgl/filip/bwtandem/benchmarking_results/trash/results/GCA_000001405.15_GRCh38_genomic_trash"
[1] "GCA_000001405.15_GRCh38_genomic.fna"
[1] "2026-04-12 03:31:31 PDT"
[1] "Working on sequence 20"
[1] "Repeat Identification new"
[1] "/data/gpfs/assoc/pgl/filip/bwtandem/benchmarking_results/trash/results/GCA_000001405.15_GRCh38_genomic_trash"
[1] "GCA_000001405.15_GRCh38_genomic.fna"
[1] "2026-04-12 07:59:34 PDT"
[1] "Working on sequence 17"
[1] "Repeat Identification new"
[1] "/data/gpfs/assoc/pgl/filip/bwtandem/benchmarking_results/trash/results/GCA_000001405.15_GRCh38_genomic_trash"
[1] "GCA_000001405.15_GRCh38_genomic.fna"
[1] "2026-04-12 08:05:56 PDT"
[1] "Working on sequence 6"
[1] "Repeat Identification new"
[1] "/data/gpfs/assoc/pgl/filip/bwtandem/benchmarking_results/trash/results/GCA_000001405.15_GRCh38_genomic_trash"
[1] "GCA_000001405.15_GRCh38_genomic.fna"
[1] "2026-04-12 08:11:14 PDT"
[1] "Working on sequence 19"
[1] "Repeat Identification new"
[1] "/data/gpfs/assoc/pgl/filip/bwtandem/benchmarking_results/trash/results/GCA_000001405.15_GRCh38_genomic_trash"
[1] "GCA_000001405.15_GRCh38_genomic.fna"
[1] "2026-04-12 10:21:09 PDT"
[1] "Working on sequence 22"
[1] "Repeat Identification new"
[1] "/data/gpfs/assoc/pgl/filip/bwtandem/benchmarking_results/trash/results/GCA_000001405.15_GRCh38_genomic_trash"
[1] "GCA_000001405.15_GRCh38_genomic.fna"
[1] "2026-04-12 12:29:26 PDT"
[1] "Working on sequence 5"
[1] "Repeat Identification new"
[1] "/data/gpfs/assoc/pgl/filip/bwtandem/benchmarking_results/trash/results/GCA_000001405.15_GRCh38_genomic_trash"
[1] "GCA_000001405.15_GRCh38_genomic.fna"
[1] "2026-04-12 14:41:43 PDT"
[1] "Working on sequence 4"
[1] "Repeat Identification new"
[1] "/data/gpfs/assoc/pgl/filip/bwtandem/benchmarking_results/trash/results/GCA_000001405.15_GRCh38_genomic_trash"
[1] "GCA_000001405.15_GRCh38_genomic.fna"
[1] "2026-04-12 14:58:10 PDT"
[1] "Working on sequence 24"
[1] "Repeat Identification new"
[1] "/data/gpfs/assoc/pgl/filip/bwtandem/benchmarking_results/trash/results/GCA_000001405.15_GRCh38_genomic_trash"
[1] "GCA_000001405.15_GRCh38_genomic.fna"
[1] "2026-04-12 17:46:22 PDT"
[1] "Working on sequence 21"
[1] "Repeat Identification new"
[1] "/data/gpfs/assoc/pgl/filip/bwtandem/benchmarking_results/trash/results/GCA_000001405.15_GRCh38_genomic_trash"
[1] "GCA_000001405.15_GRCh38_genomic.fna"
[1] "2026-04-12 20:05:32 PDT"
[1] "Working on sequence 8"
[1] "Repeat Identification new"
[1] "/data/gpfs/assoc/pgl/filip/bwtandem/benchmarking_results/trash/results/GCA_000001405.15_GRCh38_genomic_trash"
[1] "GCA_000001405.15_GRCh38_genomic.fna"
[1] "2026-04-12 23:42:16 PDT"
[1] "Working on sequence 23"
[1] "Repeat Identification new"
[1] "/data/gpfs/assoc/pgl/filip/bwtandem/benchmarking_results/trash/results/GCA_000001405.15_GRCh38_genomic_trash"
[1] "GCA_000001405.15_GRCh38_genomic.fna"
[1] "2026-04-13 00:07:03 PDT"
[1] "Working on sequence 26"
[1] "Repeat Identification new"
[1] "/data/gpfs/assoc/pgl/filip/bwtandem/benchmarking_results/trash/results/GCA_000001405.15_GRCh38_genomic_trash"
[1] "GCA_000001405.15_GRCh38_genomic.fna"
[1] "2026-04-13 00:11:54 PDT"
[1] "Working on sequence 28"
[1] "Repeat Identification new"
[1] "/data/gpfs/assoc/pgl/filip/bwtandem/benchmarking_results/trash/results/GCA_000001405.15_GRCh38_genomic_trash"
[1] "GCA_000001405.15_GRCh38_genomic.fna"
[1] "2026-04-13 00:15:04 PDT"
[1] "Working on sequence 30"
[1] "Repeat Identification new"
[1] "/data/gpfs/assoc/pgl/filip/bwtandem/benchmarking_results/trash/results/GCA_000001405.15_GRCh38_genomic_trash"
[1] "GCA_000001405.15_GRCh38_genomic.fna"
[1] "2026-04-13 00:19:15 PDT"
[1] "Working on sequence 32"
[1] "Repeat Identification new"
[1] "/data/gpfs/assoc/pgl/filip/bwtandem/benchmarking_results/trash/results/GCA_000001405.15_GRCh38_genomic_trash"
[1] "GCA_000001405.15_GRCh38_genomic.fna"
[1] "2026-04-13 00:28:19 PDT"
[1] "Working on sequence 34"
[1] "Repeat Identification new"
[1] "/data/gpfs/assoc/pgl/filip/bwtandem/benchmarking_results/trash/results/GCA_000001405.15_GRCh38_genomic_trash"
[1] "GCA_000001405.15_GRCh38_genomic.fna"
[1] "2026-04-13 00:31:51 PDT"
[1] "Working on sequence 36"
[1] "Repeat Identification new"
[1] "/data/gpfs/assoc/pgl/filip/bwtandem/benchmarking_results/trash/results/GCA_000001405.15_GRCh38_genomic_trash"
[1] "GCA_000001405.15_GRCh38_genomic.fna"
[1] "2026-04-13 00:47:14 PDT"
[1] "Working on sequence 38"
[1] "Repeat Identification new"
[1] "/data/gpfs/assoc/pgl/filip/bwtandem/benchmarking_results/trash/results/GCA_000001405.15_GRCh38_genomic_trash"
[1] "GCA_000001405.15_GRCh38_genomic.fna"
[1] "2026-04-13 00:51:15 PDT"
[1] "Working on sequence 40"
[1] "Repeat Identification new"
[1] "/data/gpfs/assoc/pgl/filip/bwtandem/benchmarking_results/trash/results/GCA_000001405.15_GRCh38_genomic_trash"
[1] "GCA_000001405.15_GRCh38_genomic.fna"
[1] "2026-04-13 00:54:35 PDT"
[1] "Working on sequence 6"
[1] "Repeat Identification new"
[1] "/data/gpfs/assoc/pgl/filip/bwtandem/benchmarking_results/trash/results/GCA_000001405.15_GRCh38_genomic_trash"
[1] "GCA_000001405.15_GRCh38_genomic.fna"
[1] "2026-04-13 00:54:50 PDT"
[1] "Working on sequence 42"
[1] "Repeat Identification new"
[1] "/data/gpfs/assoc/pgl/filip/bwtandem/benchmarking_results/trash/results/GCA_000001405.15_GRCh38_genomic_trash"
[1] "GCA_000001405.15_GRCh38_genomic.fna"
[1] "2026-04-13 00:58:11 PDT"
[1] "Working on sequence 44"
[1] "Repeat Identification new"
[1] "/data/gpfs/assoc/pgl/filip/bwtandem/benchmarking_results/trash/results/GCA_000001405.15_GRCh38_genomic_trash"
[1] "GCA_000001405.15_GRCh38_genomic.fna"
[1] "2026-04-13 01:01:53 PDT"
[1] "Working on sequence 46"
[1] "Repeat Identification new"
[1] "/data/gpfs/assoc/pgl/filip/bwtandem/benchmarking_results/trash/results/GCA_000001405.15_GRCh38_genomic_trash"
[1] "GCA_000001405.15_GRCh38_genomic.fna"
[1] "2026-04-13 01:05:11 PDT"
[1] "Working on sequence 48"
[1] "Repeat Identification new"
[1] "/data/gpfs/assoc/pgl/filip/bwtandem/benchmarking_results/trash/results/GCA_000001405.15_GRCh38_genomic_trash"
[1] "GCA_000001405.15_GRCh38_genomic.fna"
[1] "2026-04-13 01:47:55 PDT"
[1] "Working on sequence 7"
[1] "Repeat Identification new"
[1] "/data/gpfs/assoc/pgl/filip/bwtandem/benchmarking_results/trash/results/GCA_000001405.15_GRCh38_genomic_trash"
[1] "GCA_000001405.15_GRCh38_genomic.fna"
[1] "2026-04-13 03:15:03 PDT"
[1] "Working on sequence 25"
[1] "Repeat Identification new"
[1] "/data/gpfs/assoc/pgl/filip/bwtandem/benchmarking_results/trash/results/GCA_000001405.15_GRCh38_genomic_trash"
[1] "GCA_000001405.15_GRCh38_genomic.fna"
[1] "2026-04-13 05:05:27 PDT"
[1] "Working on sequence 27"
[1] "Repeat Identification new"
[1] "/data/gpfs/assoc/pgl/filip/bwtandem/benchmarking_results/trash/results/GCA_000001405.15_GRCh38_genomic_trash"
[1] "GCA_000001405.15_GRCh38_genomic.fna"
[1] "2026-04-13 05:13:09 PDT"
[1] "Working on sequence 29"
[1] "Repeat Identification new"
[1] "/data/gpfs/assoc/pgl/filip/bwtandem/benchmarking_results/trash/results/GCA_000001405.15_GRCh38_genomic_trash"
[1] "GCA_000001405.15_GRCh38_genomic.fna"
[1] "2026-04-13 05:15:46 PDT"
[1] "Working on sequence 31"
[1] "Repeat Identification new"
[1] "/data/gpfs/assoc/pgl/filip/bwtandem/benchmarking_results/trash/results/GCA_000001405.15_GRCh38_genomic_trash"
[1] "GCA_000001405.15_GRCh38_genomic.fna"
[1] "2026-04-13 05:20:59 PDT"
[1] "Working on sequence 33"
[1] "Repeat Identification new"
[1] "/data/gpfs/assoc/pgl/filip/bwtandem/benchmarking_results/trash/results/GCA_000001405.15_GRCh38_genomic_trash"
[1] "GCA_000001405.15_GRCh38_genomic.fna"
[1] "2026-04-13 05:24:19 PDT"
[1] "Working on sequence 35"
[1] "Repeat Identification new"
[1] "/data/gpfs/assoc/pgl/filip/bwtandem/benchmarking_results/trash/results/GCA_000001405.15_GRCh38_genomic_trash"
[1] "GCA_000001405.15_GRCh38_genomic.fna"
[1] "2026-04-13 05:26:17 PDT"
[1] "Working on sequence 37"
[1] "Repeat Identification new"
[1] "/data/gpfs/assoc/pgl/filip/bwtandem/benchmarking_results/trash/results/GCA_000001405.15_GRCh38_genomic_trash"
[1] "GCA_000001405.15_GRCh38_genomic.fna"
[1] "2026-04-13 05:35:05 PDT"
[1] "Working on sequence 39"
[1] "Repeat Identification new"
[1] "/data/gpfs/assoc/pgl/filip/bwtandem/benchmarking_results/trash/results/GCA_000001405.15_GRCh38_genomic_trash"
[1] "GCA_000001405.15_GRCh38_genomic.fna"
[1] "2026-04-13 05:44:02 PDT"
[1] "Working on sequence 41"
[1] "Repeat Identification new"
[1] "/data/gpfs/assoc/pgl/filip/bwtandem/benchmarking_results/trash/results/GCA_000001405.15_GRCh38_genomic_trash"
[1] "GCA_000001405.15_GRCh38_genomic.fna"
[1] "2026-04-13 05:52:51 PDT"
[1] "Working on sequence 43"
[1] "Repeat Identification new"
[1] "/data/gpfs/assoc/pgl/filip/bwtandem/benchmarking_results/trash/results/GCA_000001405.15_GRCh38_genomic_trash"
[1] "GCA_000001405.15_GRCh38_genomic.fna"
[1] "2026-04-13 06:01:36 PDT"
[1] "Working on sequence 45"
[1] "Repeat Identification new"
[1] "/data/gpfs/assoc/pgl/filip/bwtandem/benchmarking_results/trash/results/GCA_000001405.15_GRCh38_genomic_trash"
[1] "GCA_000001405.15_GRCh38_genomic.fna"
[1] "2026-04-13 06:10:17 PDT"
[1] "Working on sequence 47"
[1] "Repeat Identification new"
[1] "/data/gpfs/assoc/pgl/filip/bwtandem/benchmarking_results/trash/results/GCA_000001405.15_GRCh38_genomic_trash"
[1] "GCA_000001405.15_GRCh38_genomic.fna"
[[1]]
NULL

[[2]]
NULL

[[3]]
NULL

[[4]]
NULL

[[5]]
NULL

[[6]]
NULL

[[7]]
NULL

[[8]]
NULL

[[9]]
NULL

[[10]]
NULL

[[11]]
NULL

[[12]]
NULL

[[13]]
NULL

[[14]]
NULL

[[15]]
NULL

[[16]]
NULL

[[17]]
NULL

[[18]]
NULL

[[19]]
NULL

[[20]]
NULL

[[21]]
NULL

[[22]]
NULL

[[23]]
NULL

[[24]]
NULL

[[25]]
NULL

[[26]]
NULL

[[27]]
NULL

[[28]]
NULL

[[29]]
NULL

[[30]]
NULL

[[31]]
NULL

[[32]]
NULL

[[33]]
NULL

[[34]]
NULL

[[35]]
NULL

[[36]]
NULL

[[37]]
NULL

[[38]]
NULL

[[39]]
NULL

[[40]]
NULL

[[41]]
NULL

[[42]]
NULL

[[43]]
NULL

[[44]]
NULL

[[45]]
NULL

[[46]]
NULL

[[47]]
NULL

[[48]]
NULL

            used   (Mb) gc trigger    (Mb)   max used    (Mb)
Ncells   3000076  160.3   49890037  2664.5   40454226  2160.5
Vcells 833567599 6359.7 1548824255 11816.6 1541987535 11764.5
[1] "Finished working on sequence 1"
[1] "2026-04-13 06:19:01 PDT"
[1] "saving repeats"
[1] "/data/gpfs/assoc/pgl/filip/bwtandem/benchmarking_results/trash/results/GCA_000001405.15_GRCh38_genomic_trash"
 [1] "./GCA_000001405.15_GRCh38_genomic.fna_out/Regions_GCA_000001405.15_GRCh38_genomic.fna_CM000663.2.csv"
 [2] "./GCA_000001405.15_GRCh38_genomic.fna_out/Regions_GCA_000001405.15_GRCh38_genomic.fna_CM000664.2.csv"
 [3] "./GCA_000001405.15_GRCh38_genomic.fna_out/Regions_GCA_000001405.15_GRCh38_genomic.fna_CM000665.2.csv"
 [4] "./GCA_000001405.15_GRCh38_genomic.fna_out/Regions_GCA_000001405.15_GRCh38_genomic.fna_CM000666.2.csv"
 [5] "./GCA_000001405.15_GRCh38_genomic.fna_out/Regions_GCA_000001405.15_GRCh38_genomic.fna_CM000667.2.csv"
 [6] "./GCA_000001405.15_GRCh38_genomic.fna_out/Regions_GCA_000001405.15_GRCh38_genomic.fna_CM000668.2.csv"
 [7] "./GCA_000001405.15_GRCh38_genomic.fna_out/Regions_GCA_000001405.15_GRCh38_genomic.fna_CM000669.2.csv"
 [8] "./GCA_000001405.15_GRCh38_genomic.fna_out/Regions_GCA_000001405.15_GRCh38_genomic.fna_CM000670.2.csv"
 [9] "./GCA_000001405.15_GRCh38_genomic.fna_out/Regions_GCA_000001405.15_GRCh38_genomic.fna_CM000671.2.csv"
[10] "./GCA_000001405.15_GRCh38_genomic.fna_out/Regions_GCA_000001405.15_GRCh38_genomic.fna_CM000672.2.csv"
[11] "./GCA_000001405.15_GRCh38_genomic.fna_out/Regions_GCA_000001405.15_GRCh38_genomic.fna_CM000673.2.csv"
[12] "./GCA_000001405.15_GRCh38_genomic.fna_out/Regions_GCA_000001405.15_GRCh38_genomic.fna_CM000674.2.csv"
[13] "./GCA_000001405.15_GRCh38_genomic.fna_out/Regions_GCA_000001405.15_GRCh38_genomic.fna_CM000675.2.csv"
[14] "./GCA_000001405.15_GRCh38_genomic.fna_out/Regions_GCA_000001405.15_GRCh38_genomic.fna_CM000676.2.csv"
[15] "./GCA_000001405.15_GRCh38_genomic.fna_out/Regions_GCA_000001405.15_GRCh38_genomic.fna_CM000677.2.csv"
[16] "./GCA_000001405.15_GRCh38_genomic.fna_out/Regions_GCA_000001405.15_GRCh38_genomic.fna_CM000678.2.csv"
[17] "./GCA_000001405.15_GRCh38_genomic.fna_out/Regions_GCA_000001405.15_GRCh38_genomic.fna_CM000679.2.csv"
[18] "./GCA_000001405.15_GRCh38_genomic.fna_out/Regions_GCA_000001405.15_GRCh38_genomic.fna_CM000680.2.csv"
[19] "./GCA_000001405.15_GRCh38_genomic.fna_out/Regions_GCA_000001405.15_GRCh38_genomic.fna_CM000681.2.csv"
[20] "./GCA_000001405.15_GRCh38_genomic.fna_out/Regions_GCA_000001405.15_GRCh38_genomic.fna_CM000682.2.csv"
[21] "./GCA_000001405.15_GRCh38_genomic.fna_out/Regions_GCA_000001405.15_GRCh38_genomic.fna_CM000683.2.csv"
[22] "./GCA_000001405.15_GRCh38_genomic.fna_out/Regions_GCA_000001405.15_GRCh38_genomic.fna_CM000684.2.csv"
[23] "./GCA_000001405.15_GRCh38_genomic.fna_out/Regions_GCA_000001405.15_GRCh38_genomic.fna_CM000685.2.csv"
[24] "./GCA_000001405.15_GRCh38_genomic.fna_out/Regions_GCA_000001405.15_GRCh38_genomic.fna_CM000686.2.csv"
[25] "./GCA_000001405.15_GRCh38_genomic.fna_out/Regions_GCA_000001405.15_GRCh38_genomic.fna_GL000250.2.csv"
[26] "./GCA_000001405.15_GRCh38_genomic.fna_out/Regions_GCA_000001405.15_GRCh38_genomic.fna_GL000251.2.csv"
[27] "./GCA_000001405.15_GRCh38_genomic.fna_out/Regions_GCA_000001405.15_GRCh38_genomic.fna_GL000252.2.csv"
[28] "./GCA_000001405.15_GRCh38_genomic.fna_out/Regions_GCA_000001405.15_GRCh38_genomic.fna_GL000253.2.csv"
[29] "./GCA_000001405.15_GRCh38_genomic.fna_out/Regions_GCA_000001405.15_GRCh38_genomic.fna_GL000254.2.csv"
[30] "./GCA_000001405.15_GRCh38_genomic.fna_out/Regions_GCA_000001405.15_GRCh38_genomic.fna_GL000255.2.csv"
[31] "./GCA_000001405.15_GRCh38_genomic.fna_out/Regions_GCA_000001405.15_GRCh38_genomic.fna_GL000256.2.csv"
[32] "./GCA_000001405.15_GRCh38_genomic.fna_out/Regions_GCA_000001405.15_GRCh38_genomic.fna_GL000258.2.csv"
[33] "./GCA_000001405.15_GRCh38_genomic.fna_out/Regions_GCA_000001405.15_GRCh38_genomic.fna_GL339449.2.csv"
[34] "./GCA_000001405.15_GRCh38_genomic.fna_out/Regions_GCA_000001405.15_GRCh38_genomic.fna_GL949746.1.csv"
[35] "./GCA_000001405.15_GRCh38_genomic.fna_out/Regions_GCA_000001405.15_GRCh38_genomic.fna_GL949748.2.csv"
[36] "./GCA_000001405.15_GRCh38_genomic.fna_out/Regions_GCA_000001405.15_GRCh38_genomic.fna_GL949749.2.csv"
[37] "./GCA_000001405.15_GRCh38_genomic.fna_out/Regions_GCA_000001405.15_GRCh38_genomic.fna_GL949750.2.csv"
[38] "./GCA_000001405.15_GRCh38_genomic.fna_out/Regions_GCA_000001405.15_GRCh38_genomic.fna_GL949751.2.csv"
[39] "./GCA_000001405.15_GRCh38_genomic.fna_out/Regions_GCA_000001405.15_GRCh38_genomic.fna_KI270728.1.csv"
[40] "./GCA_000001405.15_GRCh38_genomic.fna_out/Regions_GCA_000001405.15_GRCh38_genomic.fna_KI270803.1.csv"
[41] "./GCA_000001405.15_GRCh38_genomic.fna_out/Regions_GCA_000001405.15_GRCh38_genomic.fna_KI270846.1.csv"
[42] "./GCA_000001405.15_GRCh38_genomic.fna_out/Regions_GCA_000001405.15_GRCh38_genomic.fna_KI270847.1.csv"
[43] "./GCA_000001405.15_GRCh38_genomic.fna_out/Regions_GCA_000001405.15_GRCh38_genomic.fna_KI270853.1.csv"
[44] "./GCA_000001405.15_GRCh38_genomic.fna_out/Regions_GCA_000001405.15_GRCh38_genomic.fna_KI270857.1.csv"
[45] "./GCA_000001405.15_GRCh38_genomic.fna_out/Regions_GCA_000001405.15_GRCh38_genomic.fna_KI270897.1.csv"
[46] "./GCA_000001405.15_GRCh38_genomic.fna_out/Regions_GCA_000001405.15_GRCh38_genomic.fna_KI270905.1.csv"
[47] "./GCA_000001405.15_GRCh38_genomic.fna_out/Regions_GCA_000001405.15_GRCh38_genomic.fna_KI270908.1.csv"
[48] "./GCA_000001405.15_GRCh38_genomic.fna_out/Regions_GCA_000001405.15_GRCh38_genomic.fna_KI270938.1.csv"
[1] "start extract repeats from GCA_000001405.15_GRCh38_genomic.fna"
[1] "saving regions no:"
[1] 4124
[1] "save region:"
[1] 1
[1] 12
[1] "save region:"
[1] 2
[1] 7
[1] "save region:"
[1] 3
[1] 115
[1] "save region:"
[1] 4
[1] 90
[1] "save region:"
[1] 5
[1] 78
[1] "save region:"
[1] 6
[1] 19
[1] "save region:"
[1] 7
[1] 120
[1] "save region:"
[1] 8
[1] 28
[1] "save region:"
[1] 9
[1] 11
[1] "save region:"
[1] 10
[1] 24
[1] "save region:"
[1] 11
[1] 3
[1] "save region:"
[1] 12
[1] 342
[1] "save region:"
[1] 13
[1] 8
[1] "save region:"
[1] 14
[1] 11
[1] "save region:"
[1] 15
[1] 47
[1] "save region:"
[1] 16
[1] 3
[1] "save region:"
[1] 17
[1] 27
[1] "save region:"
[1] 18
[1] 12
[1] "save region:"
[1] 19
[1] 8
[1] "save region:"
[1] 20
[1] 47
[1] "save region:"
[1] 21
[1] 9
[1] "save region:"
[1] 22
[1] 727
[1] "save region:"
[1] 23
[1] 143
[1] "save region:"
[1] 24
[1] 114
[1] "save region:"
[1] 25
[1] 88
[1] "save region:"
[1] 26
[1] 288
[1] "save region:"
[1] 27
[1] 71
[1] "save region:"
[1] 28
[1] 115
[1] "save region:"
[1] 29
[1] 52
[1] "save region:"
[1] 30
[1] 442
[1] "save region:"
[1] 31
[1] 729
[1] "save region:"
[1] 32
[1] 16063
[1] "save region:"
[1] 33
[1] 229
[1] "save region:"
[1] 34
[1] 62
[1] "save region:"
[1] 35
[1] 170
[1] "save region:"
[1] 36
[1] 752
[1] "save region:"
[1] 37
[1] 1062
[1] "save region:"
[1] 38
[1] 436
[1] "save region:"
[1] 39
[1] 19
[1] "save region:"
[1] 40
[1] 10
[1] "save region:"
[1] 41
[1] 11
[1] "save region:"
[1] 42
[1] 62
[1] "save region:"
[1] 43
[1] 15
[1] "save region:"
[1] 44
[1] 97
[1] "save region:"
[1] 45
[1] 356
[1] "save region:"
[1] 46
[1] 39
[1] "save region:"
[1] 47
[1] 73
[1] "save region:"
[1] 48
[1] 106
[1] "save region:"
[1] 49
[1] 195
[1] "save region:"
[1] 50
[1] 125
[1] "save region:"
[1] 51
[1] 55
[1] "save region:"
[1] 52
[1] 142
[1] "save region:"
[1] 53
[1] 123
[1] "save region:"
[1] 54
[1] 85
[1] "save region:"
[1] 55
[1] 423
[1] "save region:"
[1] 56
[1] 191
[1] "save region:"
[1] 57
[1] 169
[1] "save region:"
[1] 58
[1] 141
[1] "save region:"
[1] 59
[1] 489
[1] "save region:"
[1] 60
[1] 349
[1] "save region:"
[1] 61
[1] 4
[1] "save region:"
[1] 62
[1] 367
[1] "save region:"
[1] 63
[1] 313
[1] "save region:"
[1] 64
[1] 546
[1] "save region:"
[1] 65
[1] 16
[1] "save region:"
[1] 66
[1] 10
[1] "save region:"
[1] 67
[1] 3
[1] "save region:"
[1] 68
[1] 53
[1] "save region:"
[1] 69
[1] 92
[1] "save region:"
[1] 70
[1] 11
[1] "save region:"
[1] 71
[1] 19
[1] "save region:"
[1] 72
[1] 105
[1] "save region:"
[1] 73
[1] 47
[1] "save region:"
[1] 74
[1] 24
[1] "save region:"
[1] 75
[1] 29
[1] "save region:"
[1] 76
[1] 10
[1] "save region:"
[1] 77
[1] 14
[1] "save region:"
[1] 78
[1] 10
[1] "save region:"
[1] 79
[1] 72
[1] "save region:"
[1] 80
[1] 4
[1] "save region:"
[1] 81
[1] 2
[1] "save region:"
[1] 82
[1] 12
[1] "save region:"
[1] 83
[1] 56
[1] "save region:"
[1] 84
[1] 28
[1] "save region:"
[1] 85
[1] 25
[1] "save region:"
[1] 86
[1] 18
[1] "save region:"
[1] 87
[1] 90
[1] "save region:"
[1] 88
[1] 59
[1] "save region:"
[1] 89
[1] 52
[1] "save region:"
[1] 90
[1] 20
[1] "save region:"
[1] 91
[1] 39
[1] "save region:"
[1] 92
[1] 76
[1] "save region:"
[1] 93
[1] 7
[1] "save region:"
[1] 94
[1] 15
[1] "save region:"
[1] 95
[1] 43
[1] "save region:"
[1] 96
[1] 10
[1] "save region:"
[1] 97
[1] 388
[1] "save region:"
[1] 98
[1] 7
[1] "save region:"
[1] 99
[1] 30
[1] "save region:"
[1] 100
[1] 32
[1] "save region:"
[1] 101
[1] 19
[1] "save region:"
[1] 102
[1] 42
[1] "save region:"
[1] 103
[1] 25
[1] "save region:"
[1] 104
[1] 17
[1] "save region:"
[1] 105
[1] 16
[1] "save region:"
[1] 106
[1] 8
[1] "save region:"
[1] 107
[1] 11
[1] "save region:"
[1] 108
[1] 42
[1] "save region:"
[1] 109
[1] 25
[1] "save region:"
[1] 110
[1] 40
[1] "save region:"
[1] 111
[1] 16
[1] "save region:"
[1] 112
[1] 15
[1] "save region:"
[1] 113
[1] 18
[1] "save region:"
[1] 114
[1] 61
[1] "save region:"
[1] 115
[1] 308
[1] "save region:"
[1] 116
[1] 9
[1] "save region:"
[1] 117
[1] 2
[1] "save region:"
[1] 118
[1] 47
[1] "save region:"
[1] 119
[1] 6
[1] "save region:"
[1] 120
[1] 4
[1] "save region:"
[1] 121
[1] 37
[1] "save region:"
[1] 122
[1] 24
[1] "save region:"
[1] 123
[1] 352
[1] "save region:"
[1] 124
[1] 19
[1] "save region:"
[1] 125
[1] 168
[1] "save region:"
[1] 126
[1] 46
[1] "save region:"
[1] 127
[1] 27
[1] "save region:"
[1] 128
[1] 42
[1] "save region:"
[1] 129
[1] 7
[1] "save region:"
[1] 130
[1] 9
[1] "save region:"
[1] 131
[1] 7
[1] "save region:"
[1] 132
[1] 23
[1] "save region:"
[1] 133
[1] 523
[1] "save region:"
[1] 134
[1] 4
[1] "save region:"
[1] 135
[1] 73
[1] "save region:"
[1] 136
[1] 66
[1] "save region:"
[1] 137
[1] 7
[1] "save region:"
[1] 138
[1] 13
[1] "save region:"
[1] 139
[1] 95
[1] "save region:"
[1] 140
[1] 224
[1] "save region:"
[1] 141
[1] 688
[1] "save region:"
[1] 142
[1] 34
[1] "save region:"
[1] 143
[1] 85
[1] "save region:"
[1] 144
[1] 245
[1] "save region:"
[1] 145
[1] 3
[1] "save region:"
[1] 146
[1] 18
[1] "save region:"
[1] 147
[1] 35
[1] "save region:"
[1] 148
[1] 15
[1] "save region:"
[1] 149
[1] 4
[1] "save region:"
[1] 150
[1] 21
[1] "save region:"
[1] 151
[1] 6
[1] "save region:"
[1] 152
[1] 7
[1] "save region:"
[1] 153
[1] 109
[1] "save region:"
[1] 154
[1] 122
[1] "save region:"
[1] 155
[1] 27
[1] "save region:"
[1] 156
[1] 68
[1] "save region:"
[1] 157
[1] 2
[1] "save region:"
[1] 158
[1] 42
[1] "save region:"
[1] 159
[1] 11
[1] "save region:"
[1] 160
[1] 1336
[1] "save region:"
[1] 161
[1] 22
[1] "save region:"
[1] 162
[1] 35
[1] "save region:"
[1] 163
[1] 10
[1] "save region:"
[1] 164
[1] 145
[1] "save region:"
[1] 165
[1] 2
[1] "save region:"
[1] 166
[1] 31
[1] "save region:"
[1] 167
[1] 31
[1] "save region:"
[1] 168
[1] 8
[1] "save region:"
[1] 169
[1] 769
[1] "save region:"
[1] 170
[1] 33
[1] "save region:"
[1] 171
[1] 7
[1] "save region:"
[1] 172
[1] 33
[1] "save region:"
[1] 173
[1] 7
[1] "save region:"
[1] 174
[1] 2
[1] "save region:"
[1] 175
[1] 13
[1] "save region:"
[1] 176
[1] 9
[1] "save region:"
[1] 177
[1] 12
[1] "save region:"
[1] 178
[1] 32
[1] "save region:"
[1] 179
[1] 12
[1] "save region:"
[1] 180
[1] 8
[1] "save region:"
[1] 181
[1] 9
[1] "save region:"
[1] 182
[1] 6
[1] "save region:"
[1] 183
[1] 4
[1] "save region:"
[1] 184
[1] 63
[1] "save region:"
[1] 185
[1] 9
[1] "save region:"
[1] 186
[1] 82
[1] "save region:"
[1] 187
[1] 122
[1] "save region:"
[1] 188
[1] 7
[1] "save region:"
[1] 189
[1] 8
[1] "save region:"
[1] 190
[1] 9
[1] "save region:"
[1] 191
[1] 7
[1] "save region:"
[1] 192
[1] 11
[1] "save region:"
[1] 193
[1] 8
[1] "save region:"
[1] 194
[1] 61
[1] "save region:"
[1] 195
[1] 2
[1] "save region:"
[1] 196
[1] 4
[1] "save region:"
[1] 197
[1] 1
[1] "save region:"
[1] 198
[1] 44
[1] "save region:"
[1] 199
[1] 60
[1] "save region:"
[1] 200
[1] 3
[1] "save region:"
[1] 201
[1] 8
[1] "save region:"
[1] 202
[1] 20
[1] "save region:"
[1] 203
[1] 116
[1] "save region:"
[1] 204
[1] 10
[1] "save region:"
[1] 205
[1] 9
[1] "save region:"
[1] 206
[1] 53
[1] "save region:"
[1] 207
[1] 67
[1] "save region:"
[1] 208
[1] 86
[1] "save region:"
[1] 209
[1] 10
[1] "save region:"
[1] 210
[1] 73
[1] "save region:"
[1] 211
[1] 3
[1] "save region:"
[1] 212
[1] 62
[1] "save region:"
[1] 213
[1] 75
[1] "save region:"
[1] 214
[1] 43
[1] "save region:"
[1] 215
[1] 28
[1] "save region:"
[1] 216
[1] 174
[1] "save region:"
[1] 217
[1] 55
[1] "save region:"
[1] 218
[1] 20
[1] "save region:"
[1] 219
[1] 16
[1] "save region:"
[1] 220
[1] 13
[1] "save region:"
[1] 221
[1] 13
[1] "save region:"
[1] 222
[1] 8
[1] "save region:"
[1] 223
[1] 455
[1] "save region:"
[1] 224
[1] 111
[1] "save region:"
[1] 225
[1] 29
[1] "save region:"
[1] 226
[1] 39
[1] "save region:"
[1] 227
[1] 2
[1] "save region:"
[1] 228
[1] 189
[1] "save region:"
[1] 229
[1] 8
[1] "save region:"
[1] 230
[1] 33
[1] "save region:"
[1] 231
[1] 9
[1] "save region:"
[1] 232
[1] 4
[1] "save region:"
[1] 233
[1] 6
[1] "save region:"
[1] 234
[1] 2
[1] "save region:"
[1] 235
[1] 6
[1] "save region:"
[1] 236
[1] 12
[1] "save region:"
[1] 237
[1] 32
[1] "save region:"
[1] 238
[1] 58
[1] "save region:"
[1] 239
[1] 20
[1] "save region:"
[1] 240
[1] 7
[1] "save region:"
[1] 241
[1] 182
[1] "save region:"
[1] 242
[1] 117
[1] "save region:"
[1] 243
[1] 133
[1] "save region:"
[1] 244
[1] 18
[1] "save region:"
[1] 245
[1] 141
[1] "save region:"
[1] 246
[1] 753
[1] "save region:"
[1] 247
[1] 9
[1] "save region:"
[1] 248
[1] 20
[1] "save region:"
[1] 249
[1] 21
[1] "save region:"
[1] 250
[1] 18
[1] "save region:"
[1] 251
[1] 65
[1] "save region:"
[1] 252
[1] 16
[1] "save region:"
[1] 253
[1] 292
[1] "save region:"
[1] 254
[1] 105
[1] "save region:"
[1] 255
[1] 2
[1] "save region:"
[1] 256
[1] 4
[1] "save region:"
[1] 257
[1] 1
[1] "save region:"
[1] 258
[1] 54
[1] "save region:"
[1] 259
[1] 15
[1] "save region:"
[1] 260
[1] 89
[1] "save region:"
[1] 261
[1] 43
[1] "save region:"
[1] 262
[1] 29
[1] "save region:"
[1] 263
[1] 9
[1] "save region:"
[1] 264
[1] 185
[1] "save region:"
[1] 265
[1] 343
[1] "save region:"
[1] 266
[1] 41
[1] "save region:"
[1] 267
[1] 59
[1] "save region:"
[1] 268
[1] 87
[1] "save region:"
[1] 269
[1] 20
[1] "save region:"
[1] 270
[1] 42
[1] "save region:"
[1] 271
[1] 61
[1] "save region:"
[1] 272
[1] 809
[1] "save region:"
[1] 273
[1] 397
[1] "save region:"
[1] 274
[1] 27
[1] "save region:"
[1] 275
[1] 1
[1] "save region:"
[1] 276
[1] 852
[1] "save region:"
[1] 277
[1] 9
[1] "save region:"
[1] 278
[1] 6
[1] "save region:"
[1] 279
[1] 7
[1] "save region:"
[1] 280
[1] 7
[1] "save region:"
[1] 281
[1] 17
[1] "save region:"
[1] 282
[1] 17
[1] "save region:"
[1] 283
[1] 126
[1] "save region:"
[1] 284
[1] 155
[1] "save region:"
[1] 285
[1] 9
[1] "save region:"
[1] 286
[1] 29
[1] "save region:"
[1] 287
[1] 206
[1] "save region:"
[1] 288
[1] 114
[1] "save region:"
[1] 289
[1] 77
[1] "save region:"
[1] 290
[1] 335
[1] "save region:"
[1] 291
[1] 36
[1] "save region:"
[1] 292
[1] 94
[1] "save region:"
[1] 293
[1] 10
[1] "save region:"
[1] 294
[1] 545
[1] "save region:"
[1] 295
[1] 103
[1] "save region:"
[1] 296
[1] 24
[1] "save region:"
[1] 297
[1] 32
[1] "save region:"
[1] 298
[1] 31
[1] "save region:"
[1] 299
[1] 72
[1] "save region:"
[1] 300
[1] 63
[1] "save region:"
[1] 301
[1] 685
[1] "save region:"
[1] 302
[1] 6
[1] "save region:"
[1] 303
[1] 79
[1] "save region:"
[1] 304
[1] 47
[1] "save region:"
[1] 305
[1] 18
[1] "save region:"
[1] 306
[1] 49
[1] "save region:"
[1] 307
[1] 162
[1] "save region:"
[1] 308
[1] 39
[1] "save region:"
[1] 309
[1] 44
[1] "save region:"
[1] 310
[1] 57
[1] "save region:"
[1] 311
[1] 835
[1] "save region:"
[1] 312
[1] 71
[1] "save region:"
[1] 313
[1] 52
[1] "save region:"
[1] 314
[1] 103
[1] "save region:"
[1] 315
[1] 8
[1] "save region:"
[1] 316
[1] 11
[1] "save region:"
[1] 317
[1] 37
[1] "save region:"
[1] 318
[1] 32
[1] "save region:"
[1] 319
[1] 47
[1] "save region:"
[1] 320
[1] 7
[1] "save region:"
[1] 321
[1] 37
[1] "save region:"
[1] 322
[1] 67
[1] "save region:"
[1] 323
[1] 75
[1] "save region:"
[1] 324
[1] 67
[1] "save region:"
[1] 325
[1] 104
[1] "save region:"
[1] 326
[1] 43
[1] "save region:"
[1] 327
[1] 101
[1] "save region:"
[1] 328
[1] 101
[1] "save region:"
[1] 329
[1] 25
[1] "save region:"
[1] 330
[1] 329
[1] "save region:"
[1] 331
[1] 224
[1] "save region:"
[1] 332
[1] 249
[1] "save region:"
[1] 333
[1] 21
[1] "save region:"
[1] 334
[1] 150
[1] "save region:"
[1] 335
[1] 147
[1] "save region:"
[1] 336
[1] 44
[1] "save region:"
[1] 337
[1] 133
[1] "save region:"
[1] 338
[1] 437
[1] "save region:"
[1] 339
[1] 10
[1] "save region:"
[1] 340
[1] 460
[1] "save region:"
[1] 341
[1] 7
[1] "save region:"
[1] 342
[1] 54
[1] "save region:"
[1] 343
[1] 34
[1] "save region:"
[1] 344
[1] 22
[1] "save region:"
[1] 345
[1] 501
[1] "save region:"
[1] 346
[1] 19
[1] "save region:"
[1] 347
[1] 163
[1] "save region:"
[1] 348
[1] 3
[1] "save region:"
[1] 349
[1] 23
[1] "save region:"
[1] 350
[1] 68
[1] "save region:"
[1] 351
[1] 115
[1] "save region:"
[1] 352
[1] 151
[1] "save region:"
[1] 353
[1] 7
[1] "save region:"
[1] 354
[1] 4
[1] "save region:"
[1] 355
[1] 18
[1] "save region:"
[1] 356
[1] 68
[1] "save region:"
[1] 357
[1] 26
[1] "save region:"
[1] 358
[1] 101
[1] "save region:"
[1] 359
[1] 101
[1] "save region:"
[1] 360
[1] 98
[1] "save region:"
[1] 361
[1] 89
[1] "save region:"
[1] 362
[1] 46
[1] "save region:"
[1] 363
[1] 22
[1] "save region:"
[1] 364
[1] 74
[1] "save region:"
[1] 365
[1] 9
[1] "save region:"
[1] 366
[1] 5
[1] "save region:"
[1] 367
[1] 25
[1] "save region:"
[1] 368
[1] 71
[1] "save region:"
[1] 369
[1] 10
[1] "save region:"
[1] 370
[1] 127
[1] "save region:"
[1] 371
[1] 75
[1] "save region:"
[1] 372
[1] 18
[1] "save region:"
[1] 373
[1] 78
[1] "save region:"
[1] 374
[1] 10
[1] "save region:"
[1] 375
[1] 8
[1] "save region:"
[1] 376
[1] 276
[1] "save region:"
[1] 377
[1] 65
[1] "save region:"
[1] 378
[1] 21
[1] "save region:"
[1] 379
[1] 51
[1] "save region:"
[1] 380
[1] 4
[1] "save region:"
[1] 381
[1] 32
[1] "save region:"
[1] 382
[1] 57
[1] "save region:"
[1] 383
[1] 42
[1] "save region:"
[1] 384
[1] 8
[1] "save region:"
[1] 385
[1] 69
[1] "save region:"
[1] 386
[1] 75
[1] "save region:"
[1] 387
[1] 250
[1] "save region:"
[1] 388
[1] 21
[1] "save region:"
[1] 389
[1] 36
[1] "save region:"
[1] 390
[1] 9
[1] "save region:"
[1] 391
[1] 500
[1] "save region:"
[1] 392
[1] 196
[1] "save region:"
[1] 393
[1] 61
[1] "save region:"
[1] 394
[1] 186
[1] "save region:"
[1] 395
[1] 69
[1] "save region:"
[1] 396
[1] 7
[1] "save region:"
[1] 397
[1] 9
[1] "save region:"
[1] 398
[1] 2
[1] "save region:"
[1] 399
[1] 81
[1] "save region:"
[1] 400
[1] 7
[1] "save region:"
[1] 401
[1] 3
[1] "save region:"
[1] 402
[1] 18
[1] "save region:"
[1] 403
[1] 70
[1] "save region:"
[1] 404
[1] 37
[1] "save region:"
[1] 405
[1] 631
[1] "save region:"
[1] 406
[1] 476
[1] "save region:"
[1] 407
[1] 8
[1] "save region:"
[1] 408
[1] 102
[1] "save region:"
[1] 409
[1] 42
[1] "save region:"
[1] 410
[1] 27
[1] "save region:"
[1] 411
[1] 83
[1] "save region:"
[1] 412
[1] 33
[1] "save region:"
[1] 413
[1] 4
[1] "save region:"
[1] 414
[1] 143
[1] "save region:"
[1] 415
[1] 36
[1] "save region:"
[1] 416
[1] 38
[1] "save region:"
[1] 417
[1] 14
[1] "save region:"
[1] 418
[1] 188
[1] "save region:"
[1] 419
[1] 467
[1] "save region:"
[1] 420
[1] 3392
[1] "save region:"
[1] 421
[1] 3
[1] "save region:"
[1] 422
[1] 2533
[1] "save region:"
[1] 423
[1] 58
[1] "save region:"
[1] 424
[1] 248
[1] "save region:"
[1] 425
[1] 200
[1] "save region:"
[1] 426
[1] 846
[1] "save region:"
[1] 427
[1] 90
[1] "save region:"
[1] 428
[1] 1210
[1] "save region:"
[1] 429
[1] 50
[1] "save region:"
[1] 430
[1] 2
[1] "save region:"
[1] 431
[1] 843
[1] "save region:"
[1] 432
[1] 2472
[1] "save region:"
[1] 433
[1] 134
[1] "save region:"
[1] 434
[1] 179
[1] "save region:"
[1] 435
[1] 196
[1] "save region:"
[1] 436
[1] 82
[1] "save region:"
[1] 437
[1] 100
[1] "save region:"
[1] 438
[1] 100
[1] "save region:"
[1] 439
[1] 23
[1] "save region:"
[1] 440
[1] 22
[1] "save region:"
[1] 441
[1] 43
[1] "save region:"
[1] 442
[1] 43
[1] "save region:"
[1] 443
[1] 50
[1] "save region:"
[1] 444
[1] 50
[1] "save region:"
[1] 445
[1] 221
[1] "save region:"
[1] 446
[1] 4214
[1] "save region:"
[1] 447
[1] 19
[1] "save region:"
[1] 448
[1] 556
[1] "save region:"
[1] 449
[1] 17
[1] "save region:"
[1] 450
[1] 2943
[1] "save region:"
[1] 451
[1] 53
[1] "save region:"
[1] 452
[1] 43
[1] "save region:"
[1] 453
[1] 136
[1] "save region:"
[1] 454
[1] 128
[1] "save region:"
[1] 455
[1] 68
[1] "save region:"
[1] 456
[1] 124
[1] "save region:"
[1] 457
[1] 354
[1] "save region:"
[1] 458
[1] 421
[1] "save region:"
[1] 459
[1] 49
[1] "save region:"
[1] 460
[1] 736
[1] "save region:"
[1] 461
[1] 6
[1] "save region:"
[1] 462
[1] 35
[1] "save region:"
[1] 463
[1] 4
[1] "save region:"
[1] 464
[1] 43
[1] "save region:"
[1] 465
[1] 39
[1] "save region:"
[1] 466
[1] 62
[1] "save region:"
[1] 467
[1] 42
[1] "save region:"
[1] 468
[1] 19
[1] "save region:"
[1] 469
[1] 41
[1] "save region:"
[1] 470
[1] 51
[1] "save region:"
[1] 471
[1] 24
[1] "save region:"
[1] 472
[1] 70
[1] "save region:"
[1] 473
[1] 71
[1] "save region:"
[1] 474
[1] 24
[1] "save region:"
[1] 475
[1] 39
[1] "save region:"
[1] 476
[1] 453
[1] "save region:"
[1] 477
[1] 9
[1] "save region:"
[1] 478
[1] 40
[1] "save region:"
[1] 479
[1] 25
[1] "save region:"
[1] 480
[1] 14
[1] "save region:"
[1] 481
[1] 31
[1] "save region:"
[1] 482
[1] 286
[1] "save region:"
[1] 483
[1] 31
[1] "save region:"
[1] 484
[1] 38
[1] "save region:"
[1] 485
[1] 168
[1] "save region:"
[1] 486
[1] 6
[1] "save region:"
[1] 487
[1] 12
[1] "save region:"
[1] 488
[1] 16
[1] "save region:"
[1] 489
[1] 6
[1] "save region:"
[1] 490
[1] 245
[1] "save region:"
[1] 491
[1] 5
[1] "save region:"
[1] 492
[1] 86
[1] "save region:"
[1] 493
[1] 51
[1] "save region:"
[1] 494
[1] 60
[1] "save region:"
[1] 495
[1] 47
[1] "save region:"
[1] 496
[1] 229
[1] "save region:"
[1] 497
[1] 5
[1] "save region:"
[1] 498
[1] 1
[1] "save region:"
[1] 499
[1] 17
[1] "save region:"
[1] 500
[1] 82
[1] "save region:"
[1] 501
[1] 34
[1] "save region:"
[1] 502
[1] 5
[1] "save region:"
[1] 503
[1] 6
[1] "save region:"
[1] 504
[1] 90
[1] "save region:"
[1] 505
[1] 519
[1] "save region:"
[1] 506
[1] 9
[1] "save region:"
[1] 507
[1] 775
[1] "save region:"
[1] 508
[1] 46
[1] "save region:"
[1] 509
[1] 105
[1] "save region:"
[1] 510
[1] 57
[1] "save region:"
[1] 511
[1] 174
[1] "save region:"
[1] 512
[1] 174
[1] "save region:"
[1] 513
[1] 204
[1] "save region:"
[1] 514
[1] 204
[1] "save region:"
[1] 515
[1] 12
[1] "save region:"
[1] 516
[1] 124
[1] "save region:"
[1] 517
[1] 122
[1] "save region:"
[1] 518
[1] 7
[1] "save region:"
[1] 519
[1] 62
[1] "save region:"
[1] 520
[1] 10
[1] "save region:"
[1] 521
[1] 3
[1] "save region:"
[1] 522
[1] 31
[1] "save region:"
[1] 523
[1] 294
[1] "save region:"
[1] 524
[1] 189
[1] "save region:"
[1] 525
[1] 91
[1] "save region:"
[1] 526
[1] 95
[1] "save region:"
[1] 527
[1] 10
[1] "save region:"
[1] 528
[1] 88
[1] "save region:"
[1] 529
[1] 142
[1] "save region:"
[1] 530
[1] 31
[1] "save region:"
[1] 531
[1] 75
[1] "save region:"
[1] 532
[1] 30
[1] "save region:"
[1] 533
[1] 2
[1] "save region:"
[1] 534
[1] 31
[1] "save region:"
[1] 535
[1] 1
[1] "save region:"
[1] 536
[1] 5
[1] "save region:"
[1] 537
[1] 59
[1] "save region:"
[1] 538
[1] 20
[1] "save region:"
[1] 539
[1] 11
[1] "save region:"
[1] 540
[1] 27
[1] "save region:"
[1] 541
[1] 229
[1] "save region:"
[1] 542
[1] 2
[1] "save region:"
[1] 543
[1] 28
[1] "save region:"
[1] 544
[1] 9
[1] "save region:"
[1] 545
[1] 13
[1] "save region:"
[1] 546
[1] 85
[1] "save region:"
[1] 547
[1] 5
[1] "save region:"
[1] 548
[1] 10
[1] "save region:"
[1] 549
[1] 4
[1] "save region:"
[1] 550
[1] 9
[1] "save region:"
[1] 551
[1] 7
[1] "save region:"
[1] 552
[1] 4
[1] "save region:"
[1] 553
[1] 20
[1] "save region:"
[1] 554
[1] 42
[1] "save region:"
[1] 555
[1] 16
[1] "save region:"
[1] 556
[1] 8
[1] "save region:"
[1] 557
[1] 10
[1] "save region:"
[1] 558
[1] 13
[1] "save region:"
[1] 559
[1] 10
[1] "save region:"
[1] 560
[1] 6
[1] "save region:"
[1] 561
[1] 11
[1] "save region:"
[1] 562
[1] 7
[1] "save region:"
[1] 563
[1] 53
[1] "save region:"
[1] 564
[1] 69
[1] "save region:"
[1] 565
[1] 34
[1] "save region:"
[1] 566
[1] 17
[1] "save region:"
[1] 567
[1] 11
[1] "save region:"
[1] 568
[1] 15
[1] "save region:"
[1] 569
[1] 5
[1] "save region:"
[1] 570
[1] 60
[1] "save region:"
[1] 571
[1] 10
[1] "save region:"
[1] 572
[1] 81
[1] "save region:"
[1] 573
[1] 50
[1] "save region:"
[1] 574
[1] 4
[1] "save region:"
[1] 575
[1] 6
[1] "save region:"
[1] 576
[1] 7
[1] "save region:"
[1] 577
[1] 7
[1] "save region:"
[1] 578
[1] 14
[1] "save region:"
[1] 579
[1] 2
[1] "save region:"
[1] 580
[1] 6
[1] "save region:"
[1] 581
[1] 276
[1] "save region:"
[1] 582
[1] 14
[1] "save region:"
[1] 583
[1] 23
[1] "save region:"
[1] 584
[1] 25
[1] "save region:"
[1] 585
[1] 49
[1] "save region:"
[1] 586
[1] 105
[1] "save region:"
[1] 587
[1] 90
[1] "save region:"
[1] 588
[1] 32
[1] "save region:"
[1] 589
[1] 136
[1] "save region:"
[1] 590
[1] 100
[1] "save region:"
[1] 591
[1] 66
[1] "save region:"
[1] 592
[1] 26
[1] "save region:"
[1] 593
[1] 126
[1] "save region:"
[1] 594
[1] 59
[1] "save region:"
[1] 595
[1] 145
[1] "save region:"
[1] 596
[1] 28
[1] "save region:"
[1] 597
[1] 73
[1] "save region:"
[1] 598
[1] 171
[1] "save region:"
[1] 599
[1] 31
[1] "save region:"
[1] 600
[1] 178
[1] "save region:"
[1] 601
[1] 54
[1] "save region:"
[1] 602
[1] 170
[1] "save region:"
[1] 603
[1] 434
[1] "save region:"
[1] 604
[1] 63
[1] "save region:"
[1] 605
[1] 40
[1] "save region:"
[1] 606
[1] 324
[1] "save region:"
[1] 607
[1] 560
[1] "save region:"
[1] 608
[1] 2806
[1] "save region:"
[1] 609
[1] 28
[1] "save region:"
[1] 610
[1] 48
[1] "save region:"
[1] 611
[1] 12559
[1] "save region:"
[1] 612
[1] 119
[1] "save region:"
[1] 613
[1] 96
[1] "save region:"
[1] 614
[1] 49
[1] "save region:"
[1] 615
[1] 49
[1] "save region:"
[1] 616
[1] 123
[1] "save region:"
[1] 617
[1] 123
[1] "save region:"
[1] 618
[1] 93
[1] "save region:"
[1] 619
[1] 49
[1] "save region:"
[1] 620
[1] 213
[1] "save region:"
[1] 621
[1] 1
[1] "save region:"
[1] 622
[1] 31
[1] "save region:"
[1] 623
[1] 8
[1] "save region:"
[1] 624
[1] 125
[1] "save region:"
[1] 625
[1] 89
[1] "save region:"
[1] 626
[1] 20
[1] "save region:"
[1] 627
[1] 65
[1] "save region:"
[1] 628
[1] 89
[1] "save region:"
[1] 629
[1] 389
[1] "save region:"
[1] 630
[1] 18
[1] "save region:"
[1] 631
[1] 49
[1] "save region:"
[1] 632
[1] 28
[1] "save region:"
[1] 633
[1] 32
[1] "save region:"
[1] 634
[1] 43
[1] "save region:"
[1] 635
[1] 82
[1] "save region:"
[1] 636
[1] 13
[1] "save region:"
[1] 637
[1] 382
[1] "save region:"
[1] 638
[1] 24
[1] "save region:"
[1] 639
[1] 131
[1] "save region:"
[1] 640
[1] 338
[1] "save region:"
[1] 641
[1] 369
[1] "save region:"
[1] 642
[1] 194
[1] "save region:"
[1] 643
[1] 4
[1] "save region:"
[1] 644
[1] 202
[1] "save region:"
[1] 645
[1] 61
[1] "save region:"
[1] 646
[1] 95
[1] "save region:"
[1] 647
[1] 84
[1] "save region:"
[1] 648
[1] 16
[1] "save region:"
[1] 649
[1] 242
[1] "save region:"
[1] 650
[1] 319
[1] "save region:"
[1] 651
[1] 29
[1] "save region:"
[1] 652
[1] 29
[1] "save region:"
[1] 653
[1] 29
[1] "save region:"
[1] 654
[1] 77
[1] "save region:"
[1] 655
[1] 77
[1] "save region:"
[1] 656
[1] 77
[1] "save region:"
[1] 657
[1] 107
[1] "save region:"
[1] 658
[1] 80
[1] "save region:"
[1] 659
[1] 12
[1] "save region:"
[1] 660
[1] 75
[1] "save region:"
[1] 661
[1] 40
[1] "save region:"
[1] 662
[1] 153
[1] "save region:"
[1] 663
[1] 81
[1] "save region:"
[1] 664
[1] 41
[1] "save region:"
[1] 665
[1] 2
[1] "save region:"
[1] 666
[1] 9
[1] "save region:"
[1] 667
[1] 1
[1] "save region:"
[1] 668
[1] 31
[1] "save region:"
[1] 669
[1] 909
[1] "save region:"
[1] 670
[1] 20
[1] "save region:"
[1] 671
[1] 63
[1] "save region:"
[1] 672
[1] 58
[1] "save region:"
[1] 673
[1] 240
[1] "save region:"
[1] 674
[1] 88
[1] "save region:"
[1] 675
[1] 55
[1] "save region:"
[1] 676
[1] 2
[1] "save region:"
[1] 677
[1] 8
[1] "save region:"
[1] 678
[1] 2
[1] "save region:"
[1] 679
[1] 30
[1] "save region:"
[1] 680
[1] 3
[1] "save region:"
[1] 681
[1] 11
[1] "save region:"
[1] 682
[1] 866
[1] "save region:"
[1] 683
[1] 7736
[1] "save region:"
[1] 684
[1] 68
[1] "save region:"
[1] 685
[1] 47
[1] "save region:"
[1] 686
[1] 4
[1] "save region:"
[1] 687
[1] 11
[1] "save region:"
[1] 688
[1] 18
[1] "save region:"
[1] 689
[1] 4
[1] "save region:"
[1] 690
[1] 18
[1] "save region:"
[1] 691
[1] 46
[1] "save region:"
[1] 692
[1] 158
[1] "save region:"
[1] 693
[1] 3004
[1] "save region:"
[1] 694
[1] 11946
[1] "save region:"
[1] 695
[1] 69
[1] "save region:"
[1] 696
[1] 69
[1] "save region:"
[1] 697
[1] 11941
[1] "save region:"
[1] 698
[1] 11941
[1] "save region:"
[1] 699
[1] 135
[1] "save region:"
[1] 700
[1] 23
[1] "save region:"
[1] 701
[1] 25
[1] "save region:"
[1] 702
[1] 199
[1] "save region:"
[1] 703
[1] 202
[1] "save region:"
[1] 704
[1] 320
[1] "save region:"
[1] 705
[1] 31
[1] "save region:"
[1] 706
[1] 28
[1] "save region:"
[1] 707
[1] 18
[1] "save region:"
[1] 708
[1] 25
[1] "save region:"
[1] 709
[1] 16
[1] "save region:"
[1] 710
[1] 28
[1] "save region:"
[1] 711
[1] 873
[1] "save region:"
[1] 712
[1] 26
[1] "save region:"
[1] 713
[1] 53
[1] "save region:"
[1] 714
[1] 140
[1] "save region:"
[1] 715
[1] 155
[1] "save region:"
[1] 716
[1] 153
[1] "save region:"
[1] 717
[1] 544
[1] "save region:"
[1] 718
[1] 101
[1] "save region:"
[1] 719
[1] 28
[1] "save region:"
[1] 720
[1] 79
[1] "save region:"
[1] 721
[1] 31
[1] "save region:"
[1] 722
[1] 1
[1] "save region:"
[1] 723
[1] 23
[1] "save region:"
[1] 724
[1] 12
[1] "save region:"
[1] 725
[1] 24
[1] "save region:"
[1] 726
[1] 6
[1] "save region:"
[1] 727
[1] 23
[1] "save region:"
[1] 728
[1] 8
[1] "save region:"
[1] 729
[1] 109
[1] "save region:"
[1] 730
[1] 606
[1] "save region:"
[1] 731
[1] 17
[1] "save region:"
[1] 732
[1] 240
[1] "save region:"
[1] 733
[1] 93
[1] "save region:"
[1] 734
[1] 13
[1] "save region:"
[1] 735
[1] 44
[1] "save region:"
[1] 736
[1] 43
[1] "save region:"
[1] 737
[1] 5
[1] "save region:"
[1] 738
[1] 396
[1] "save region:"
[1] 739
[1] 207
[1] "save region:"
[1] 740
[1] 13
[1] "save region:"
[1] 741
[1] 16
[1] "save region:"
[1] 742
[1] 44
[1] "save region:"
[1] 743
[1] 94
[1] "save region:"
[1] 744
[1] 2
[1] "save region:"
[1] 745
[1] 32
[1] "save region:"
[1] 746
[1] 19
[1] "save region:"
[1] 747
[1] 4
[1] "save region:"
[1] 748
[1] 122
[1] "save region:"
[1] 749
[1] 292
[1] "save region:"
[1] 750
[1] 294
[1] "save region:"
[1] 751
[1] 53
[1] "save region:"
[1] 752
[1] 47
[1] "save region:"
[1] 753
[1] 105
[1] "save region:"
[1] 754
[1] 105
[1] "save region:"
[1] 755
[1] 73
[1] "save region:"
[1] 756
[1] 73
[1] "save region:"
[1] 757
[1] 33
[1] "save region:"
[1] 758
[1] 322
[1] "save region:"
[1] 759
[1] 46
[1] "save region:"
[1] 760
[1] 107
[1] "save region:"
[1] 761
[1] 61
[1] "save region:"
[1] 762
[1] 89
[1] "save region:"
[1] 763
[1] 7
[1] "save region:"
[1] 764
[1] 19
[1] "save region:"
[1] 765
[1] 10
[1] "save region:"
[1] 766
[1] 166
[1] "save region:"
[1] 767
[1] 38
[1] "save region:"
[1] 768
[1] 4
[1] "save region:"
[1] 769
[1] 101
[1] "save region:"
[1] 770
[1] 1
[1] "save region:"
[1] 771
[1] 73
[1] "save region:"
[1] 772
[1] 6
[1] "save region:"
[1] 773
[1] 23
[1] "save region:"
[1] 774
[1] 1
[1] "save region:"
[1] 775
[1] 1
[1] "save region:"
[1] 776
[1] 96
[1] "save region:"
[1] 777
[1] 70
[1] "save region:"
[1] 778
[1] 48
[1] "save region:"
[1] 779
[1] 8
[1] "save region:"
[1] 780
[1] 45
[1] "save region:"
[1] 781
[1] 36
[1] "save region:"
[1] 782
[1] 14
[1] "save region:"
[1] 783
[1] 49
[1] "save region:"
[1] 784
[1] 9
[1] "save region:"
[1] 785
[1] 6
[1] "save region:"
[1] 786
[1] 2
[1] "save region:"
[1] 787
[1] 9
[1] "save region:"
[1] 788
[1] 28
[1] "save region:"
[1] 789
[1] 3
[1] "save region:"
[1] 790
[1] 175
[1] "save region:"
[1] 791
[1] 51
[1] "save region:"
[1] 792
[1] 60
[1] "save region:"
[1] 793
[1] 103
[1] "save region:"
[1] 794
[1] 34
[1] "save region:"
[1] 795
[1] 172
[1] "save region:"
[1] 796
[1] 37
[1] "save region:"
[1] 797
[1] 71
[1] "save region:"
[1] 798
[1] 162
[1] "save region:"
[1] 799
[1] 74
[1] "save region:"
[1] 800
[1] 113
[1] "save region:"
[1] 801
[1] 53
[1] "save region:"
[1] 802
[1] 47
[1] "save region:"
[1] 803
[1] 4
[1] "save region:"
[1] 804
[1] 49
[1] "save region:"
[1] 805
[1] 37
[1] "save region:"
[1] 806
[1] 34
[1] "save region:"
[1] 807
[1] 38
[1] "save region:"
[1] 808
[1] 2
[1] "save region:"
[1] 809
[1] 839
[1] "save region:"
[1] 810
[1] 34
[1] "save region:"
[1] 811
[1] 31
[1] "save region:"
[1] 812
[1] 23
[1] "save region:"
[1] 813
[1] 171
[1] "save region:"
[1] 814
[1] 3
[1] "save region:"
[1] 815
[1] 117
[1] "save region:"
[1] 816
[1] 72
[1] "save region:"
[1] 817
[1] 284
[1] "save region:"
[1] 818
[1] 59
[1] "save region:"
[1] 819
[1] 87
[1] "save region:"
[1] 820
[1] 54
[1] "save region:"
[1] 821
[1] 114
[1] "save region:"
[1] 822
[1] 326
[1] "save region:"
[1] 823
[1] 243
[1] "save region:"
[1] 824
[1] 135
[1] "save region:"
[1] 825
[1] 167
[1] "save region:"
[1] 826
[1] 41
[1] "save region:"
[1] 827
[1] 166
[1] "save region:"
[1] 828
[1] 64
[1] "save region:"
[1] 829
[1] 389
[1] "save region:"
[1] 830
[1] 2798
[1] "save region:"
[1] 831
[1] 22
[1] "save region:"
[1] 832
[1] 210
[1] "save region:"
[1] 833
[1] 216
[1] "save region:"
[1] 834
[1] 119
[1] "save region:"
[1] 835
[1] 1143
[1] "save region:"
[1] 836
[1] 13452
[1] "save region:"
[1] 837
[1] 19
[1] "save region:"
[1] 838
[1] 49
[1] "save region:"
[1] 839
[1] 34
[1] "save region:"
[1] 840
[1] 47
[1] "save region:"
[1] 841
[1] 634
[1] "save region:"
[1] 842
[1] 2302
[1] "save region:"
[1] 843
[1] 210
[1] "save region:"
[1] 844
[1] 23
[1] "save region:"
[1] 845
[1] 27
[1] "save region:"
[1] 846
[1] 273
[1] "save region:"
[1] 847
[1] 33
[1] "save region:"
[1] 848
[1] 121
[1] "save region:"
[1] 849
[1] 151
[1] "save region:"
[1] 850
[1] 217
[1] "save region:"
[1] 851
[1] 69
[1] "save region:"
[1] 852
[1] 95
[1] "save region:"
[1] 853
[1] 12
[1] "save region:"
[1] 854
[1] 233
[1] "save region:"
[1] 855
[1] 42
[1] "save region:"
[1] 856
[1] 107
[1] "save region:"
[1] 857
[1] 228
[1] "save region:"
[1] 858
[1] 154
[1] "save region:"
[1] 859
[1] 25
[1] "save region:"
[1] 860
[1] 26
[1] "save region:"
[1] 861
[1] 111
[1] "save region:"
[1] 862
[1] 963
[1] "save region:"
[1] 863
[1] 108
[1] "save region:"
[1] 864
[1] 1028
[1] "save region:"
[1] 865
[1] 433
[1] "save region:"
[1] 866
[1] 474
[1] "save region:"
[1] 867
[1] 35
[1] "save region:"
[1] 868
[1] 165
[1] "save region:"
[1] 869
[1] 3
[1] "save region:"
[1] 870
[1] 21
[1] "save region:"
[1] 871
[1] 54
[1] "save region:"
[1] 872
[1] 17
[1] "save region:"
[1] 873
[1] 5
[1] "save region:"
[1] 874
[1] 25
[1] "save region:"
[1] 875
[1] 27
[1] "save region:"
[1] 876
[1] 16
[1] "save region:"
[1] 877
[1] 18
[1] "save region:"
[1] 878
[1] 50
[1] "save region:"
[1] 879
[1] 11
[1] "save region:"
[1] 880
[1] 106
[1] "save region:"
[1] 881
[1] 35
[1] "save region:"
[1] 882
[1] 62
[1] "save region:"
[1] 883
[1] 61
[1] "save region:"
[1] 884
[1] 92
[1] "save region:"
[1] 885
[1] 2
[1] "save region:"
[1] 886
[1] 118
[1] "save region:"
[1] 887
[1] 30
[1] "save region:"
[1] 888
[1] 654
[1] "save region:"
[1] 889
[1] 119
[1] "save region:"
[1] 890
[1] 145
[1] "save region:"
[1] 891
[1] 146
[1] "save region:"
[1] 892
[1] 26
[1] "save region:"
[1] 893
[1] 153
[1] "save region:"
[1] 894
[1] 8
[1] "save region:"
[1] 895
[1] 147
[1] "save region:"
[1] 896
[1] 16
[1] "save region:"
[1] 897
[1] 38
[1] "save region:"
[1] 898
[1] 21
[1] "save region:"
[1] 899
[1] 59
[1] "save region:"
[1] 900
[1] 76
[1] "save region:"
[1] 901
[1] 72
[1] "save region:"
[1] 902
[1] 26
[1] "save region:"
[1] 903
[1] 101
[1] "save region:"
[1] 904
[1] 35
[1] "save region:"
[1] 905
[1] 61
[1] "save region:"
[1] 906
[1] 205
[1] "save region:"
[1] 907
[1] 86
[1] "save region:"
[1] 908
[1] 9
[1] "save region:"
[1] 909
[1] 128
[1] "save region:"
[1] 910
[1] 21
[1] "save region:"
[1] 911
[1] 59
[1] "save region:"
[1] 912
[1] 208
[1] "save region:"
[1] 913
[1] 46
[1] "save region:"
[1] 914
[1] 147
[1] "save region:"
[1] 915
[1] 51
[1] "save region:"
[1] 916
[1] 93
[1] "save region:"
[1] 917
[1] 49
[1] "save region:"
[1] 918
[1] 73
[1] "save region:"
[1] 919
[1] 23
[1] "save region:"
[1] 920
[1] 6
[1] "save region:"
[1] 921
[1] 2
[1] "save region:"
[1] 922
[1] 9
[1] "save region:"
[1] 923
[1] 23
[1] "save region:"
[1] 924
[1] 2
[1] "save region:"
[1] 925
[1] 27
[1] "save region:"
[1] 926
[1] 10
[1] "save region:"
[1] 927
[1] 7
[1] "save region:"
[1] 928
[1] 112
[1] "save region:"
[1] 929
[1] 143
[1] "save region:"
[1] 930
[1] 24
[1] "save region:"
[1] 931
[1] 2
[1] "save region:"
[1] 932
[1] 15
[1] "save region:"
[1] 933
[1] 28
[1] "save region:"
[1] 934
[1] 117
[1] "save region:"
[1] 935
[1] 93
[1] "save region:"
[1] 936
[1] 39
[1] "save region:"
[1] 937
[1] 5
[1] "save region:"
[1] 938
[1] 7
[1] "save region:"
[1] 939
[1] 99
[1] "save region:"
[1] 940
[1] 28
[1] "save region:"
[1] 941
[1] 8
[1] "save region:"
[1] 942
[1] 4
[1] "save region:"
[1] 943
[1] 29
[1] "save region:"
[1] 944
[1] 115
[1] "save region:"
[1] 945
[1] 7
[1] "save region:"
[1] 946
[1] 12
[1] "save region:"
[1] 947
[1] 83
[1] "save region:"
[1] 948
[1] 62
[1] "save region:"
[1] 949
[1] 5
[1] "save region:"
[1] 950
[1] 22
[1] "save region:"
[1] 951
[1] 49
[1] "save region:"
[1] 952
[1] 26
[1] "save region:"
[1] 953
[1] 5
[1] "save region:"
[1] 954
[1] 44
[1] "save region:"
[1] 955
[1] 46
[1] "save region:"
[1] 956
[1] 15
[1] "save region:"
[1] 957
[1] 17
[1] "save region:"
[1] 958
[1] 211
[1] "save region:"
[1] 959
[1] 83
[1] "save region:"
[1] 960
[1] 22
[1] "save region:"
[1] 961
[1] 21
[1] "save region:"
[1] 962
[1] 66
[1] "save region:"
[1] 963
[1] 43
[1] "save region:"
[1] 964
[1] 7507
[1] "save region:"
[1] 965
[1] 67
[1] "save region:"
[1] 966
[1] 317
[1] "save region:"
[1] 967
[1] 173
[1] "save region:"
[1] 968
[1] 23
[1] "save region:"
[1] 969
[1] 63
[1] "save region:"
[1] 970
[1] 297
[1] "save region:"
[1] 971
[1] 651
[1] "save region:"
[1] 972
[1] 94
[1] "save region:"
[1] 973
[1] 128
[1] "save region:"
[1] 974
[1] 176
[1] "save region:"
[1] 975
[1] 406
[1] "save region:"
[1] 976
[1] 43
[1] "save region:"
[1] 977
[1] 7
[1] "save region:"
[1] 978
[1] 3
[1] "save region:"
[1] 979
[1] 6
[1] "save region:"
[1] 980
[1] 17
[1] "save region:"
[1] 981
[1] 1
[1] "save region:"
[1] 982
[1] 90
[1] "save region:"
[1] 983
[1] 89
[1] "save region:"
[1] 984
[1] 157
[1] "save region:"
[1] 985
[1] 2
[1] "save region:"
[1] 986
[1] 49
[1] "save region:"
[1] 987
[1] 58
[1] "save region:"
[1] 988
[1] 25
[1] "save region:"
[1] 989
[1] 55
[1] "save region:"
[1] 990
[1] 4
[1] "save region:"
[1] 991
[1] 61
[1] "save region:"
[1] 992
[1] 33
[1] "save region:"
[1] 993
[1] 56
[1] "save region:"
[1] 994
[1] 22
[1] "save region:"
[1] 995
[1] 8
[1] "save region:"
[1] 996
[1] 10
[1] "save region:"
[1] 997
[1] 80
[1] "save region:"
[1] 998
[1] 3
[1] "save region:"
[1] 999
[1] 6
[1] "save region:"
[1] 1000
[1] 14
[1] "save region:"
[1] 1001
[1] 36
[1] "save region:"
[1] 1002
[1] 53
[1] "save region:"
[1] 1003
[1] 2
[1] "save region:"
[1] 1004
[1] 20
[1] "save region:"
[1] 1005
[1] 9
[1] "save region:"
[1] 1006
[1] 5
[1] "save region:"
[1] 1007
[1] 43
[1] "save region:"
[1] 1008
[1] 3
[1] "save region:"
[1] 1009
[1] 1
[1] "save region:"
[1] 1010
[1] 25
[1] "save region:"
[1] 1011
[1] 17
[1] "save region:"
[1] 1012
[1] 9
[1] "save region:"
[1] 1013
[1] 970
[1] "save region:"
[1] 1014
[1] 5
[1] "save region:"
[1] 1015
[1] 35
[1] "save region:"
[1] 1016
[1] 32
[1] "save region:"
[1] 1017
[1] 987
[1] "save region:"
[1] 1018
[1] 242
[1] "save region:"
[1] 1019
[1] 46
[1] "save region:"
[1] 1020
[1] 10
[1] "save region:"
[1] 1021
[1] 4
[1] "save region:"
[1] 1022
[1] 1
[1] "save region:"
[1] 1023
[1] 1
[1] "save region:"
[1] 1024
[1] 46
[1] "save region:"
[1] 1025
[1] 49
[1] "save region:"
[1] 1026
[1] 94
[1] "save region:"
[1] 1027
[1] 267
[1] "save region:"
[1] 1028
[1] 122
[1] "save region:"
[1] 1029
[1] 267
[1] "save region:"
[1] 1030
[1] 99
[1] "save region:"
[1] 1031
[1] 29
[1] "save region:"
[1] 1032
[1] 53
[1] "save region:"
[1] 1033
[1] 31
[1] "save region:"
[1] 1034
[1] 134
[1] "save region:"
[1] 1035
[1] 189
[1] "save region:"
[1] 1036
[1] 92
[1] "save region:"
[1] 1037
[1] 78
[1] "save region:"
[1] 1038
[1] 84
[1] "save region:"
[1] 1039
[1] 47
[1] "save region:"
[1] 1040
[1] 5
[1] "save region:"
[1] 1041
[1] 68
[1] "save region:"
[1] 1042
[1] 34
[1] "save region:"
[1] 1043
[1] 29
[1] "save region:"
[1] 1044
[1] 17
[1] "save region:"
[1] 1045
[1] 108
[1] "save region:"
[1] 1046
[1] 69
[1] "save region:"
[1] 1047
[1] 216
[1] "save region:"
[1] 1048
[1] 60
[1] "save region:"
[1] 1049
[1] 11
[1] "save region:"
[1] 1050
[1] 15
[1] "save region:"
[1] 1051
[1] 21
[1] "save region:"
[1] 1052
[1] 37
[1] "save region:"
[1] 1053
[1] 46
[1] "save region:"
[1] 1054
[1] 284
[1] "save region:"
[1] 1055
[1] 17
[1] "save region:"
[1] 1056
[1] 57
[1] "save region:"
[1] 1057
[1] 28
[1] "save region:"
[1] 1058
[1] 60
[1] "save region:"
[1] 1059
[1] 1
[1] "save region:"
[1] 1060
[1] 97
[1] "save region:"
[1] 1061
[1] 21
[1] "save region:"
[1] 1062
[1] 38
[1] "save region:"
[1] 1063
[1] 78
[1] "save region:"
[1] 1064
[1] 42
[1] "save region:"
[1] 1065
[1] 48
[1] "save region:"
[1] 1066
[1] 27
[1] "save region:"
[1] 1067
[1] 20
[1] "save region:"
[1] 1068
[1] 19
[1] "save region:"
[1] 1069
[1] 5
[1] "save region:"
[1] 1070
[1] 126
[1] "save region:"
[1] 1071
[1] 17
[1] "save region:"
[1] 1072
[1] 21
[1] "save region:"
[1] 1073
[1] 9
[1] "save region:"
[1] 1074
[1] 18
[1] "save region:"
[1] 1075
[1] 39
[1] "save region:"
[1] 1076
[1] 6
[1] "save region:"
[1] 1077
[1] 104
[1] "save region:"
[1] 1078
[1] 59
[1] "save region:"
[1] 1079
[1] 1
[1] "save region:"
[1] 1080
[1] 83
[1] "save region:"
[1] 1081
[1] 51
[1] "save region:"
[1] 1082
[1] 20
[1] "save region:"
[1] 1083
[1] 115
[1] "save region:"
[1] 1084
[1] 6
[1] "save region:"
[1] 1085
[1] 14
[1] "save region:"
[1] 1086
[1] 177
[1] "save region:"
[1] 1087
[1] 53
[1] "save region:"
[1] 1088
[1] 28
[1] "save region:"
[1] 1089
[1] 25
[1] "save region:"
[1] 1090
[1] 94
[1] "save region:"
[1] 1091
[1] 35
[1] "save region:"
[1] 1092
[1] 416
[1] "save region:"
[1] 1093
[1] 38
[1] "save region:"
[1] 1094
[1] 118
[1] "save region:"
[1] 1095
[1] 112
[1] "save region:"
[1] 1096
[1] 50
[1] "save region:"
[1] 1097
[1] 78
[1] "save region:"
[1] 1098
[1] 510
[1] "save region:"
[1] 1099
[1] 36
[1] "save region:"
[1] 1100
[1] 4
[1] "save region:"
[1] 1101
[1] 5
[1] "save region:"
[1] 1102
[1] 99
[1] "save region:"
[1] 1103
[1] 25
[1] "save region:"
[1] 1104
[1] 6
[1] "save region:"
[1] 1105
[1] 19
[1] "save region:"
[1] 1106
[1] 8
[1] "save region:"
[1] 1107
[1] 94
[1] "save region:"
[1] 1108
[1] 122
[1] "save region:"
[1] 1109
[1] 55
[1] "save region:"
[1] 1110
[1] 14
[1] "save region:"
[1] 1111
[1] 31
[1] "save region:"
[1] 1112
[1] 109
[1] "save region:"
[1] 1113
[1] 83
[1] "save region:"
[1] 1114
[1] 414
[1] "save region:"
[1] 1115
[1] 1035
[1] "save region:"
[1] 1116
[1] 43
[1] "save region:"
[1] 1117
[1] 22
[1] "save region:"
[1] 1118
[1] 366
[1] "save region:"
[1] 1119
[1] 92
[1] "save region:"
[1] 1120
[1] 204
[1] "save region:"
[1] 1121
[1] 171
[1] "save region:"
[1] 1122
[1] 715
[1] "save region:"
[1] 1123
[1] 795
[1] "save region:"
[1] 1124
[1] 3
[1] "save region:"
[1] 1125
[1] 15588
[1] "save region:"
[1] 1126
[1] 47
[1] "save region:"
[1] 1127
[1] 46
[1] "save region:"
[1] 1128
[1] 22
[1] "save region:"
[1] 1129
[1] 10
[1] "save region:"
[1] 1130
[1] 1161
[1] "save region:"
[1] 1131
[1] 2315
[1] "save region:"
[1] 1132
[1] 39
[1] "save region:"
[1] 1133
[1] 940
[1] "save region:"
[1] 1134
[1] 4
[1] "save region:"
[1] 1135
[1] 232
[1] "save region:"
[1] 1136
[1] 58
[1] "save region:"
[1] 1137
[1] 878
[1] "save region:"
[1] 1138
[1] 63
[1] "save region:"
[1] 1139
[1] 231
[1] "save region:"
[1] 1140
[1] 58
[1] "save region:"
[1] 1141
[1] 298
[1] "save region:"
[1] 1142
[1] 287
[1] "save region:"
[1] 1143
[1] 295
[1] "save region:"
[1] 1144
[1] 131
[1] "save region:"
[1] 1145
[1] 545
[1] "save region:"
[1] 1146
[1] 49
[1] "save region:"
[1] 1147
[1] 62
[1] "save region:"
[1] 1148
[1] 232
[1] "save region:"
[1] 1149
[1] 56
[1] "save region:"
[1] 1150
[1] 299
[1] "save region:"
[1] 1151
[1] 21
[1] "save region:"
[1] 1152
[1] 194
[1] "save region:"
[1] 1153
[1] 292
[1] "save region:"
[1] 1154
[1] 1002
[1] "save region:"
[1] 1155
[1] 1234
[1] "save region:"
[1] 1156
[1] 340
[1] "save region:"
[1] 1157
[1] 772
[1] "save region:"
[1] 1158
[1] 250
[1] "save region:"
[1] 1159
[1] 190
[1] "save region:"
[1] 1160
[1] 29
[1] "save region:"
[1] 1161
[1] 28
[1] "save region:"
[1] 1162
[1] 65
[1] "save region:"
[1] 1163
[1] 109
[1] "save region:"
[1] 1164
[1] 139
[1] "save region:"
[1] 1165
[1] 129
[1] "save region:"
[1] 1166
[1] 133
[1] "save region:"
[1] 1167
[1] 34
[1] "save region:"
[1] 1168
[1] 36
[1] "save region:"
[1] 1169
[1] 330
[1] "save region:"
[1] 1170
[1] 333
[1] "save region:"
[1] 1171
[1] 202
[1] "save region:"
[1] 1172
[1] 19
[1] "save region:"
[1] 1173
[1] 191
[1] "save region:"
[1] 1174
[1] 102
[1] "save region:"
[1] 1175
[1] 12
[1] "save region:"
[1] 1176
[1] 25
[1] "save region:"
[1] 1177
[1] 46
[1] "save region:"
[1] 1178
[1] 27
[1] "save region:"
[1] 1179
[1] 2
[1] "save region:"
[1] 1180
[1] 6
[1] "save region:"
[1] 1181
[1] 79
[1] "save region:"
[1] 1182
[1] 317
[1] "save region:"
[1] 1183
[1] 39
[1] "save region:"
[1] 1184
[1] 41
[1] "save region:"
[1] 1185
[1] 58
[1] "save region:"
[1] 1186
[1] 20
[1] "save region:"
[1] 1187
[1] 36
[1] "save region:"
[1] 1188
[1] 843
[1] "save region:"
[1] 1189
[1] 14
[1] "save region:"
[1] 1190
[1] 16
[1] "save region:"
[1] 1191
[1] 519
[1] "save region:"
[1] 1192
[1] 18
[1] "save region:"
[1] 1193
[1] 42
[1] "save region:"
[1] 1194
[1] 7
[1] "save region:"
[1] 1195
[1] 108
[1] "save region:"
[1] 1196
[1] 9
[1] "save region:"
[1] 1197
[1] 1
[1] "save region:"
[1] 1198
[1] 57
[1] "save region:"
[1] 1199
[1] 16
[1] "save region:"
[1] 1200
[1] 10
[1] "save region:"
[1] 1201
[1] 27
[1] "save region:"
[1] 1202
[1] 45
[1] "save region:"
[1] 1203
[1] 6
[1] "save region:"
[1] 1204
[1] 55
[1] "save region:"
[1] 1205
[1] 5
[1] "save region:"
[1] 1206
[1] 90
[1] "save region:"
[1] 1207
[1] 52
[1] "save region:"
[1] 1208
[1] 29
[1] "save region:"
[1] 1209
[1] 25
[1] "save region:"
[1] 1210
[1] 7
[1] "save region:"
[1] 1211
[1] 19
[1] "save region:"
[1] 1212
[1] 241
[1] "save region:"
[1] 1213
[1] 7
[1] "save region:"
[1] 1214
[1] 44
[1] "save region:"
[1] 1215
[1] 77
[1] "save region:"
[1] 1216
[1] 9
[1] "save region:"
[1] 1217
[1] 24
[1] "save region:"
[1] 1218
[1] 6
[1] "save region:"
[1] 1219
[1] 4
[1] "save region:"
[1] 1220
[1] 14
[1] "save region:"
[1] 1221
[1] 61
[1] "save region:"
[1] 1222
[1] 26
[1] "save region:"
[1] 1223
[1] 248
[1] "save region:"
[1] 1224
[1] 25
[1] "save region:"
[1] 1225
[1] 80
[1] "save region:"
[1] 1226
[1] 6
[1] "save region:"
[1] 1227
[1] 17
[1] "save region:"
[1] 1228
[1] 12
[1] "save region:"
[1] 1229
[1] 17
[1] "save region:"
[1] 1230
[1] 6
[1] "save region:"
[1] 1231
[1] 18
[1] "save region:"
[1] 1232
[1] 36
[1] "save region:"
[1] 1233
[1] 71
[1] "save region:"
[1] 1234
[1] 29
[1] "save region:"
[1] 1235
[1] 6
[1] "save region:"
[1] 1236
[1] 6
[1] "save region:"
[1] 1237
[1] 5
[1] "save region:"
[1] 1238
[1] 1
[1] "save region:"
[1] 1239
[1] 4
[1] "save region:"
[1] 1240
[1] 10
[1] "save region:"
[1] 1241
[1] 47
[1] "save region:"
[1] 1242
[1] 56
[1] "save region:"
[1] 1243
[1] 47
[1] "save region:"
[1] 1244
[1] 66
[1] "save region:"
[1] 1245
[1] 18
[1] "save region:"
[1] 1246
[1] 1
[1] "save region:"
[1] 1247
[1] 6
[1] "save region:"
[1] 1248
[1] 16
[1] "save region:"
[1] 1249
[1] 48
[1] "save region:"
[1] 1250
[1] 7
[1] "save region:"
[1] 1251
[1] 22
[1] "save region:"
[1] 1252
[1] 21
[1] "save region:"
[1] 1253
[1] 316
[1] "save region:"
[1] 1254
[1] 671
[1] "save region:"
[1] 1255
[1] 104
[1] "save region:"
[1] 1256
[1] 24
[1] "save region:"
[1] 1257
[1] 97
[1] "save region:"
[1] 1258
[1] 15
[1] "save region:"
[1] 1259
[1] 18
[1] "save region:"
[1] 1260
[1] 99
[1] "save region:"
[1] 1261
[1] 79
[1] "save region:"
[1] 1262
[1] 121
[1] "save region:"
[1] 1263
[1] 29
[1] "save region:"
[1] 1264
[1] 126
[1] "save region:"
[1] 1265
[1] 2
[1] "save region:"
[1] 1266
[1] 63
[1] "save region:"
[1] 1267
[1] 121
[1] "save region:"
[1] 1268
[1] 357
[1] "save region:"
[1] 1269
[1] 17
[1] "save region:"
[1] 1270
[1] 14
[1] "save region:"
[1] 1271
[1] 38
[1] "save region:"
[1] 1272
[1] 34
[1] "save region:"
[1] 1273
[1] 34
[1] "save region:"
[1] 1274
[1] 5
[1] "save region:"
[1] 1275
[1] 244
[1] "save region:"
[1] 1276
[1] 68
[1] "save region:"
[1] 1277
[1] 57
[1] "save region:"
[1] 1278
[1] 43
[1] "save region:"
[1] 1279
[1] 66
[1] "save region:"
[1] 1280
[1] 72
[1] "save region:"
[1] 1281
[1] 135
[1] "save region:"
[1] 1282
[1] 308
[1] "save region:"
[1] 1283
[1] 20
[1] "save region:"
[1] 1284
[1] 6
[1] "save region:"
[1] 1285
[1] 196
[1] "save region:"
[1] 1286
[1] 76
[1] "save region:"
[1] 1287
[1] 85
[1] "save region:"
[1] 1288
[1] 63
[1] "save region:"
[1] 1289
[1] 148
[1] "save region:"
[1] 1290
[1] 32
[1] "save region:"
[1] 1291
[1] 50
[1] "save region:"
[1] 1292
[1] 53
[1] "save region:"
[1] 1293
[1] 20
[1] "save region:"
[1] 1294
[1] 76
[1] "save region:"
[1] 1295
[1] 60
[1] "save region:"
[1] 1296
[1] 39
[1] "save region:"
[1] 1297
[1] 39
[1] "save region:"
[1] 1298
[1] 60
[1] "save region:"
[1] 1299
[1] 115
[1] "save region:"
[1] 1300
[1] 75
[1] "save region:"
[1] 1301
[1] 31
[1] "save region:"
[1] 1302
[1] 13
[1] "save region:"
[1] 1303
[1] 84
[1] "save region:"
[1] 1304
[1] 3
[1] "save region:"
[1] 1305
[1] 1
[1] "save region:"
[1] 1306
[1] 17
[1] "save region:"
[1] 1307
[1] 27
[1] "save region:"
[1] 1308
[1] 49
[1] "save region:"
[1] 1309
[1] 69
[1] "save region:"
[1] 1310
[1] 73
[1] "save region:"
[1] 1311
[1] 56
[1] "save region:"
[1] 1312
[1] 193
[1] "save region:"
[1] 1313
[1] 112
[1] "save region:"
[1] 1314
[1] 33
[1] "save region:"
[1] 1315
[1] 5
[1] "save region:"
[1] 1316
[1] 104
[1] "save region:"
[1] 1317
[1] 92
[1] "save region:"
[1] 1318
[1] 72
[1] "save region:"
[1] 1319
[1] 106
[1] "save region:"
[1] 1320
[1] 60
[1] "save region:"
[1] 1321
[1] 59
[1] "save region:"
[1] 1322
[1] 166
[1] "save region:"
[1] 1323
[1] 408
[1] "save region:"
[1] 1324
[1] 9
[1] "save region:"
[1] 1325
[1] 63
[1] "save region:"
[1] 1326
[1] 36
[1] "save region:"
[1] 1327
[1] 39
[1] "save region:"
[1] 1328
[1] 113
[1] "save region:"
[1] 1329
[1] 26
[1] "save region:"
[1] 1330
[1] 16
[1] "save region:"
[1] 1331
[1] 27
[1] "save region:"
[1] 1332
[1] 304
[1] "save region:"
[1] 1333
[1] 117
[1] "save region:"
[1] 1334
[1] 136
[1] "save region:"
[1] 1335
[1] 87
[1] "save region:"
[1] 1336
[1] 89
[1] "save region:"
[1] 1337
[1] 77
[1] "save region:"
[1] 1338
[1] 38
[1] "save region:"
[1] 1339
[1] 670
[1] "save region:"
[1] 1340
[1] 74
[1] "save region:"
[1] 1341
[1] 32
[1] "save region:"
[1] 1342
[1] 12
[1] "save region:"
[1] 1343
[1] 43
[1] "save region:"
[1] 1344
[1] 252
[1] "save region:"
[1] 1345
[1] 132
[1] "save region:"
[1] 1346
[1] 10829
[1] "save region:"
[1] 1347
[1] 225
[1] "save region:"
[1] 1348
[1] 70
[1] "save region:"
[1] 1349
[1] 80
[1] "save region:"
[1] 1350
[1] 49
[1] "save region:"
[1] 1351
[1] 13
[1] "save region:"
[1] 1352
[1] 18
[1] "save region:"
[1] 1353
[1] 27
[1] "save region:"
[1] 1354
[1] 250
[1] "save region:"
[1] 1355
[1] 21
[1] "save region:"
[1] 1356
[1] 119
[1] "save region:"
[1] 1357
[1] 110
[1] "save region:"
[1] 1358
[1] 118
[1] "save region:"
[1] 1359
[1] 33
[1] "save region:"
[1] 1360
[1] 176
[1] "save region:"
[1] 1361
[1] 192
[1] "save region:"
[1] 1362
[1] 21
[1] "save region:"
[1] 1363
[1] 127
[1] "save region:"
[1] 1364
[1] 76
[1] "save region:"
[1] 1365
[1] 22
[1] "save region:"
[1] 1366
[1] 51
[1] "save region:"
[1] 1367
[1] 25
[1] "save region:"
[1] 1368
[1] 124
[1] "save region:"
[1] 1369
[1] 61
[1] "save region:"
[1] 1370
[1] 54
[1] "save region:"
[1] 1371
[1] 130
[1] "save region:"
[1] 1372
[1] 36
[1] "save region:"
[1] 1373
[1] 35
[1] "save region:"
[1] 1374
[1] 31
[1] "save region:"
[1] 1375
[1] 154
[1] "save region:"
[1] 1376
[1] 137
[1] "save region:"
[1] 1377
[1] 156
[1] "save region:"
[1] 1378
[1] 383
[1] "save region:"
[1] 1379
[1] 2
[1] "save region:"
[1] 1380
[1] 869
[1] "save region:"
[1] 1381
[1] 16
[1] "save region:"
[1] 1382
[1] 71
[1] "save region:"
[1] 1383
[1] 68
[1] "save region:"
[1] 1384
[1] 28
[1] "save region:"
[1] 1385
[1] 5
[1] "save region:"
[1] 1386
[1] 14
[1] "save region:"
[1] 1387
[1] 31
[1] "save region:"
[1] 1388
[1] 24
[1] "save region:"
[1] 1389
[1] 6
[1] "save region:"
[1] 1390
[1] 33
[1] "save region:"
[1] 1391
[1] 183
[1] "save region:"
[1] 1392
[1] 63
[1] "save region:"
[1] 1393
[1] 62
[1] "save region:"
[1] 1394
[1] 42
[1] "save region:"
[1] 1395
[1] 10
[1] "save region:"
[1] 1396
[1] 6
[1] "save region:"
[1] 1397
[1] 39
[1] "save region:"
[1] 1398
[1] 61
[1] "save region:"
[1] 1399
[1] 52
[1] "save region:"
[1] 1400
[1] 243
[1] "save region:"
[1] 1401
[1] 95
[1] "save region:"
[1] 1402
[1] 37
[1] "save region:"
[1] 1403
[1] 53
[1] "save region:"
[1] 1404
[1] 55
[1] "save region:"
[1] 1405
[1] 14
[1] "save region:"
[1] 1406
[1] 8
[1] "save region:"
[1] 1407
[1] 7
[1] "save region:"
[1] 1408
[1] 7
[1] "save region:"
[1] 1409
[1] 10
[1] "save region:"
[1] 1410
[1] 56
[1] "save region:"
[1] 1411
[1] 19
[1] "save region:"
[1] 1412
[1] 11
[1] "save region:"
[1] 1413
[1] 8
[1] "save region:"
[1] 1414
[1] 14
[1] "save region:"
[1] 1415
[1] 12
[1] "save region:"
[1] 1416
[1] 41
[1] "save region:"
[1] 1417
[1] 8
[1] "save region:"
[1] 1418
[1] 11
[1] "save region:"
[1] 1419
[1] 27
[1] "save region:"
[1] 1420
[1] 20
[1] "save region:"
[1] 1421
[1] 9
[1] "save region:"
[1] 1422
[1] 76
[1] "save region:"
[1] 1423
[1] 11
[1] "save region:"
[1] 1424
[1] 13
[1] "save region:"
[1] 1425
[1] 65
[1] "save region:"
[1] 1426
[1] 84
[1] "save region:"
[1] 1427
[1] 35
[1] "save region:"
[1] 1428
[1] 13
[1] "save region:"
[1] 1429
[1] 60
[1] "save region:"
[1] 1430
[1] 6
[1] "save region:"
[1] 1431
[1] 13
[1] "save region:"
[1] 1432
[1] 20
[1] "save region:"
[1] 1433
[1] 6
[1] "save region:"
[1] 1434
[1] 147
[1] "save region:"
[1] 1435
[1] 114
[1] "save region:"
[1] 1436
[1] 47
[1] "save region:"
[1] 1437
[1] 103
[1] "save region:"
[1] 1438
[1] 90
[1] "save region:"
[1] 1439
[1] 93
[1] "save region:"
[1] 1440
[1] 7
[1] "save region:"
[1] 1441
[1] 51
[1] "save region:"
[1] 1442
[1] 29
[1] "save region:"
[1] 1443
[1] 6
[1] "save region:"
[1] 1444
[1] 232
[1] "save region:"
[1] 1445
[1] 586
[1] "save region:"
[1] 1446
[1] 22
[1] "save region:"
[1] 1447
[1] 8
[1] "save region:"
[1] 1448
[1] 4
[1] "save region:"
[1] 1449
[1] 15
[1] "save region:"
[1] 1450
[1] 35
[1] "save region:"
[1] 1451
[1] 57
[1] "save region:"
[1] 1452
[1] 8
[1] "save region:"
[1] 1453
[1] 14
[1] "save region:"
[1] 1454
[1] 114
[1] "save region:"
[1] 1455
[1] 21
[1] "save region:"
[1] 1456
[1] 34
[1] "save region:"
[1] 1457
[1] 75
[1] "save region:"
[1] 1458
[1] 39
[1] "save region:"
[1] 1459
[1] 116
[1] "save region:"
[1] 1460
[1] 22
[1] "save region:"
[1] 1461
[1] 70
[1] "save region:"
[1] 1462
[1] 3
[1] "save region:"
[1] 1463
[1] 21
[1] "save region:"
[1] 1464
[1] 46
[1] "save region:"
[1] 1465
[1] 55
[1] "save region:"
[1] 1466
[1] 19
[1] "save region:"
[1] 1467
[1] 2
[1] "save region:"
[1] 1468
[1] 51
[1] "save region:"
[1] 1469
[1] 9
[1] "save region:"
[1] 1470
[1] 2
[1] "save region:"
[1] 1471
[1] 19
[1] "save region:"
[1] 1472
[1] 60
[1] "save region:"
[1] 1473
[1] 70
[1] "save region:"
[1] 1474
[1] 19
[1] "save region:"
[1] 1475
[1] 66
[1] "save region:"
[1] 1476
[1] 70
[1] "save region:"
[1] 1477
[1] 134
[1] "save region:"
[1] 1478
[1] 499
[1] "save region:"
[1] 1479
[1] 83
[1] "save region:"
[1] 1480
[1] 343
[1] "save region:"
[1] 1481
[1] 20
[1] "save region:"
[1] 1482
[1] 109
[1] "save region:"
[1] 1483
[1] 224
[1] "save region:"
[1] 1484
[1] 185
[1] "save region:"
[1] 1485
[1] 25
[1] "save region:"
[1] 1486
[1] 101
[1] "save region:"
[1] 1487
[1] 257
[1] "save region:"
[1] 1488
[1] 23
[1] "save region:"
[1] 1489
[1] 56
[1] "save region:"
[1] 1490
[1] 21
[1] "save region:"
[1] 1491
[1] 299
[1] "save region:"
[1] 1492
[1] 1986
[1] "save region:"
[1] 1493
[1] 60
[1] "save region:"
[1] 1494
[1] 5622
[1] "save region:"
[1] 1495
[1] 208
[1] "save region:"
[1] 1496
[1] 92
[1] "save region:"
[1] 1497
[1] 29
[1] "save region:"
[1] 1498
[1] 342
[1] "save region:"
[1] 1499
[1] 4
[1] "save region:"
[1] 1500
[1] 43
[1] "save region:"
[1] 1501
[1] 67
[1] "save region:"
[1] 1502
[1] 383
[1] "save region:"
[1] 1503
[1] 169
[1] "save region:"
[1] 1504
[1] 127
[1] "save region:"
[1] 1505
[1] 61
[1] "save region:"
[1] 1506
[1] 33
[1] "save region:"
[1] 1507
[1] 427
[1] "save region:"
[1] 1508
[1] 88
[1] "save region:"
[1] 1509
[1] 24
[1] "save region:"
[1] 1510
[1] 150
[1] "save region:"
[1] 1511
[1] 5
[1] "save region:"
[1] 1512
[1] 47
[1] "save region:"
[1] 1513
[1] 169
[1] "save region:"
[1] 1514
[1] 61
[1] "save region:"
[1] 1515
[1] 127
[1] "save region:"
[1] 1516
[1] 217
[1] "save region:"
[1] 1517
[1] 225
[1] "save region:"
[1] 1518
[1] 68
[1] "save region:"
[1] 1519
[1] 86
[1] "save region:"
[1] 1520
[1] 366
[1] "save region:"
[1] 1521
[1] 80
[1] "save region:"
[1] 1522
[1] 69
[1] "save region:"
[1] 1523
[1] 62
[1] "save region:"
[1] 1524
[1] 189
[1] "save region:"
[1] 1525
[1] 276
[1] "save region:"
[1] 1526
[1] 134
[1] "save region:"
[1] 1527
[1] 581
[1] "save region:"
[1] 1528
[1] 61
[1] "save region:"
[1] 1529
[1] 55
[1] "save region:"
[1] 1530
[1] 24
[1] "save region:"
[1] 1531
[1] 4
[1] "save region:"
[1] 1532
[1] 7
[1] "save region:"
[1] 1533
[1] 3
[1] "save region:"
[1] 1534
[1] 103
[1] "save region:"
[1] 1535
[1] 26
[1] "save region:"
[1] 1536
[1] 19
[1] "save region:"
[1] 1537
[1] 21
[1] "save region:"
[1] 1538
[1] 5
[1] "save region:"
[1] 1539
[1] 12
[1] "save region:"
[1] 1540
[1] 6
[1] "save region:"
[1] 1541
[1] 1
[1] "save region:"
[1] 1542
[1] 62
[1] "save region:"
[1] 1543
[1] 13
[1] "save region:"
[1] 1544
[1] 14
[1] "save region:"
[1] 1545
[1] 23
[1] "save region:"
[1] 1546
[1] 19
[1] "save region:"
[1] 1547
[1] 4
[1] "save region:"
[1] 1548
[1] 3
[1] "save region:"
[1] 1549
[1] 21
[1] "save region:"
[1] 1550
[1] 17
[1] "save region:"
[1] 1551
[1] 9
[1] "save region:"
[1] 1552
[1] 12
[1] "save region:"
[1] 1553
[1] 149
[1] "save region:"
[1] 1554
[1] 8
[1] "save region:"
[1] 1555
[1] 61
[1] "save region:"
[1] 1556
[1] 75
[1] "save region:"
[1] 1557
[1] 55
[1] "save region:"
[1] 1558
[1] 9
[1] "save region:"
[1] 1559
[1] 16
[1] "save region:"
[1] 1560
[1] 10
[1] "save region:"
[1] 1561
[1] 53
[1] "save region:"
[1] 1562
[1] 179
[1] "save region:"
[1] 1563
[1] 405
[1] "save region:"
[1] 1564
[1] 14
[1] "save region:"
[1] 1565
[1] 187
[1] "save region:"
[1] 1566
[1] 148
[1] "save region:"
[1] 1567
[1] 140
[1] "save region:"
[1] 1568
[1] 114
[1] "save region:"
[1] 1569
[1] 44
[1] "save region:"
[1] 1570
[1] 114
[1] "save region:"
[1] 1571
[1] 49
[1] "save region:"
[1] 1572
[1] 40
[1] "save region:"
[1] 1573
[1] 15
[1] "save region:"
[1] 1574
[1] 85
[1] "save region:"
[1] 1575
[1] 25
[1] "save region:"
[1] 1576
[1] 15
[1] "save region:"
[1] 1577
[1] 641
[1] "save region:"
[1] 1578
[1] 12
[1] "save region:"
[1] 1579
[1] 109
[1] "save region:"
[1] 1580
[1] 82
[1] "save region:"
[1] 1581
[1] 50
[1] "save region:"
[1] 1582
[1] 8
[1] "save region:"
[1] 1583
[1] 157
[1] "save region:"
[1] 1584
[1] 185
[1] "save region:"
[1] 1585
[1] 36
[1] "save region:"
[1] 1586
[1] 17
[1] "save region:"
[1] 1587
[1] 2
[1] "save region:"
[1] 1588
[1] 64
[1] "save region:"
[1] 1589
[1] 234
[1] "save region:"
[1] 1590
[1] 104
[1] "save region:"
[1] 1591
[1] 8
[1] "save region:"
[1] 1592
[1] 93
[1] "save region:"
[1] 1593
[1] 13
[1] "save region:"
[1] 1594
[1] 49
[1] "save region:"
[1] 1595
[1] 98
[1] "save region:"
[1] 1596
[1] 28
[1] "save region:"
[1] 1597
[1] 52
[1] "save region:"
[1] 1598
[1] 7
[1] "save region:"
[1] 1599
[1] 30
[1] "save region:"
[1] 1600
[1] 5
[1] "save region:"
[1] 1601
[1] 5
[1] "save region:"
[1] 1602
[1] 17
[1] "save region:"
[1] 1603
[1] 90
[1] "save region:"
[1] 1604
[1] 116
[1] "save region:"
[1] 1605
[1] 238
[1] "save region:"
[1] 1606
[1] 49
[1] "save region:"
[1] 1607
[1] 19
[1] "save region:"
[1] 1608
[1] 64
[1] "save region:"
[1] 1609
[1] 22
[1] "save region:"
[1] 1610
[1] 4
[1] "save region:"
[1] 1611
[1] 10
[1] "save region:"
[1] 1612
[1] 8
[1] "save region:"
[1] 1613
[1] 31
[1] "save region:"
[1] 1614
[1] 8231
[1] "save region:"
[1] 1615
[1] 1270
[1] "save region:"
[1] 1616
[1] 163
[1] "save region:"
[1] 1617
[1] 16901
[1] "save region:"
[1] 1618
[1] 21
[1] "save region:"
[1] 1619
[1] 28
[1] "save region:"
[1] 1620
[1] 62
[1] "save region:"
[1] 1621
[1] 75
[1] "save region:"
[1] 1622
[1] 163
[1] "save region:"
[1] 1623
[1] 133
[1] "save region:"
[1] 1624
[1] 291
[1] "save region:"
[1] 1625
[1] 76
[1] "save region:"
[1] 1626
[1] 78
[1] "save region:"
[1] 1627
[1] 26
[1] "save region:"
[1] 1628
[1] 184
[1] "save region:"
[1] 1629
[1] 40
[1] "save region:"
[1] 1630
[1] 397
[1] "save region:"
[1] 1631
[1] 106
[1] "save region:"
[1] 1632
[1] 34
[1] "save region:"
[1] 1633
[1] 323
[1] "save region:"
[1] 1634
[1] 22
[1] "save region:"
[1] 1635
[1] 54
[1] "save region:"
[1] 1636
[1] 65
[1] "save region:"
[1] 1637
[1] 32
[1] "save region:"
[1] 1638
[1] 29
[1] "save region:"
[1] 1639
[1] 99
[1] "save region:"
[1] 1640
[1] 413
[1] "save region:"
[1] 1641
[1] 25
[1] "save region:"
[1] 1642
[1] 27
[1] "save region:"
[1] 1643
[1] 31
[1] "save region:"
[1] 1644
[1] 64
[1] "save region:"
[1] 1645
[1] 6090
[1] "save region:"
[1] 1646
[1] 47
[1] "save region:"
[1] 1647
[1] 5111
[1] "save region:"
[1] 1648
[1] 111
[1] "save region:"
[1] 1649
[1] 184
[1] "save region:"
[1] 1650
[1] 115
[1] "save region:"
[1] 1651
[1] 121
[1] "save region:"
[1] 1652
[1] 65
[1] "save region:"
[1] 1653
[1] 7515
[1] "save region:"
[1] 1654
[1] 1551
[1] "save region:"
[1] 1655
[1] 44
[1] "save region:"
[1] 1656
[1] 382
[1] "save region:"
[1] 1657
[1] 270
[1] "save region:"
[1] 1658
[1] 4810
[1] "save region:"
[1] 1659
[1] 17
[1] "save region:"
[1] 1660
[1] 10
[1] "save region:"
[1] 1661
[1] 60
[1] "save region:"
[1] 1662
[1] 42
[1] "save region:"
[1] 1663
[1] 21
[1] "save region:"
[1] 1664
[1] 127
[1] "save region:"
[1] 1665
[1] 23
[1] "save region:"
[1] 1666
[1] 19
[1] "save region:"
[1] 1667
[1] 56
[1] "save region:"
[1] 1668
[1] 71
[1] "save region:"
[1] 1669
[1] 78
[1] "save region:"
[1] 1670
[1] 491
[1] "save region:"
[1] 1671
[1] 79
[1] "save region:"
[1] 1672
[1] 27
[1] "save region:"
[1] 1673
[1] 57
[1] "save region:"
[1] 1674
[1] 110
[1] "save region:"
[1] 1675
[1] 10
[1] "save region:"
[1] 1676
[1] 44
[1] "save region:"
[1] 1677
[1] 17
[1] "save region:"
[1] 1678
[1] 145
[1] "save region:"
[1] 1679
[1] 6
[1] "save region:"
[1] 1680
[1] 40
[1] "save region:"
[1] 1681
[1] 17
[1] "save region:"
[1] 1682
[1] 44
[1] "save region:"
[1] 1683
[1] 6
[1] "save region:"
[1] 1684
[1] 329
[1] "save region:"
[1] 1685
[1] 40
[1] "save region:"
[1] 1686
[1] 51
[1] "save region:"
[1] 1687
[1] 70
[1] "save region:"
[1] 1688
[1] 14
[1] "save region:"
[1] 1689
[1] 32
[1] "save region:"
[1] 1690
[1] 28
[1] "save region:"
[1] 1691
[1] 24
[1] "save region:"
[1] 1692
[1] 91
[1] "save region:"
[1] 1693
[1] 58
[1] "save region:"
[1] 1694
[1] 128
[1] "save region:"
[1] 1695
[1] 7
[1] "save region:"
[1] 1696
[1] 532
[1] "save region:"
[1] 1697
[1] 92
[1] "save region:"
[1] 1698
[1] 37
[1] "save region:"
[1] 1699
[1] 4
[1] "save region:"
[1] 1700
[1] 320
[1] "save region:"
[1] 1701
[1] 184
[1] "save region:"
[1] 1702
[1] 9
[1] "save region:"
[1] 1703
[1] 3
[1] "save region:"
[1] 1704
[1] 127
[1] "save region:"
[1] 1705
[1] 201
[1] "save region:"
[1] 1706
[1] 1
[1] "save region:"
[1] 1707
[1] 37
[1] "save region:"
[1] 1708
[1] 18
[1] "save region:"
[1] 1709
[1] 31
[1] "save region:"
[1] 1710
[1] 7
[1] "save region:"
[1] 1711
[1] 105
[1] "save region:"
[1] 1712
[1] 239
[1] "save region:"
[1] 1713
[1] 98
[1] "save region:"
[1] 1714
[1] 9
[1] "save region:"
[1] 1715
[1] 18
[1] "save region:"
[1] 1716
[1] 26
[1] "save region:"
[1] 1717
[1] 36
[1] "save region:"
[1] 1718
[1] 51
[1] "save region:"
[1] 1719
[1] 87
[1] "save region:"
[1] 1720
[1] 20
[1] "save region:"
[1] 1721
[1] 8
[1] "save region:"
[1] 1722
[1] 12
[1] "save region:"
[1] 1723
[1] 1424
[1] "save region:"
[1] 1724
[1] 19
[1] "save region:"
[1] 1725
[1] 154
[1] "save region:"
[1] 1726
[1] 3
[1] "save region:"
[1] 1727
[1] 24
[1] "save region:"
[1] 1728
[1] 48
[1] "save region:"
[1] 1729
[1] 42
[1] "save region:"
[1] 1730
[1] 26
[1] "save region:"
[1] 1731
[1] 137
[1] "save region:"
[1] 1732
[1] 57
[1] "save region:"
[1] 1733
[1] 71
[1] "save region:"
[1] 1734
[1] 43
[1] "save region:"
[1] 1735
[1] 176
[1] "save region:"
[1] 1736
[1] 38
[1] "save region:"
[1] 1737
[1] 6
[1] "save region:"
[1] 1738
[1] 48
[1] "save region:"
[1] 1739
[1] 5
[1] "save region:"
[1] 1740
[1] 30
[1] "save region:"
[1] 1741
[1] 76
[1] "save region:"
[1] 1742
[1] 5
[1] "save region:"
[1] 1743
[1] 39
[1] "save region:"
[1] 1744
[1] 33
[1] "save region:"
[1] 1745
[1] 8
[1] "save region:"
[1] 1746
[1] 70
[1] "save region:"
[1] 1747
[1] 42
[1] "save region:"
[1] 1748
[1] 36
[1] "save region:"
[1] 1749
[1] 109
[1] "save region:"
[1] 1750
[1] 56
[1] "save region:"
[1] 1751
[1] 150
[1] "save region:"
[1] 1752
[1] 26
[1] "save region:"
[1] 1753
[1] 61
[1] "save region:"
[1] 1754
[1] 32
[1] "save region:"
[1] 1755
[1] 151
[1] "save region:"
[1] 1756
[1] 248
[1] "save region:"
[1] 1757
[1] 136
[1] "save region:"
[1] 1758
[1] 104
[1] "save region:"
[1] 1759
[1] 65
[1] "save region:"
[1] 1760
[1] 30
[1] "save region:"
[1] 1761
[1] 25
[1] "save region:"
[1] 1762
[1] 104
[1] "save region:"
[1] 1763
[1] 32
[1] "save region:"
[1] 1764
[1] 646
[1] "save region:"
[1] 1765
[1] 134
[1] "save region:"
[1] 1766
[1] 57
[1] "save region:"
[1] 1767
[1] 40
[1] "save region:"
[1] 1768
[1] 82
[1] "save region:"
[1] 1769
[1] 57
[1] "save region:"
[1] 1770
[1] 67
[1] "save region:"
[1] 1771
[1] 69
[1] "save region:"
[1] 1772
[1] 48
[1] "save region:"
[1] 1773
[1] 186
[1] "save region:"
[1] 1774
[1] 22
[1] "save region:"
[1] 1775
[1] 31
[1] "save region:"
[1] 1776
[1] 374
[1] "save region:"
[1] 1777
[1] 61
[1] "save region:"
[1] 1778
[1] 22
[1] "save region:"
[1] 1779
[1] 225
[1] "save region:"
[1] 1780
[1] 20
[1] "save region:"
[1] 1781
[1] 52
[1] "save region:"
[1] 1782
[1] 99
[1] "save region:"
[1] 1783
[1] 359
[1] "save region:"
[1] 1784
[1] 244
[1] "save region:"
[1] 1785
[1] 19410
[1] "save region:"
[1] 1786
[1] 158
[1] "save region:"
[1] 1787
[1] 77
[1] "save region:"
[1] 1788
[1] 103
[1] "save region:"
[1] 1789
[1] 39
[1] "save region:"
[1] 1790
[1] 162
[1] "save region:"
[1] 1791
[1] 22
[1] "save region:"
[1] 1792
[1] 85
[1] "save region:"
[1] 1793
[1] 108
[1] "save region:"
[1] 1794
[1] 292
[1] "save region:"
[1] 1795
[1] 64
[1] "save region:"
[1] 1796
[1] 100
[1] "save region:"
[1] 1797
[1] 151
[1] "save region:"
[1] 1798
[1] 353
[1] "save region:"
[1] 1799
[1] 97
[1] "save region:"
[1] 1800
[1] 91
[1] "save region:"
[1] 1801
[1] 160
[1] "save region:"
[1] 1802
[1] 143
[1] "save region:"
[1] 1803
[1] 51
[1] "save region:"
[1] 1804
[1] 140
[1] "save region:"
[1] 1805
[1] 123
[1] "save region:"
[1] 1806
[1] 25
[1] "save region:"
[1] 1807
[1] 3
[1] "save region:"
[1] 1808
[1] 105
[1] "save region:"
[1] 1809
[1] 7
[1] "save region:"
[1] 1810
[1] 11
[1] "save region:"
[1] 1811
[1] 5
[1] "save region:"
[1] 1812
[1] 7
[1] "save region:"
[1] 1813
[1] 16
[1] "save region:"
[1] 1814
[1] 3
[1] "save region:"
[1] 1815
[1] 8
[1] "save region:"
[1] 1816
[1] 42
[1] "save region:"
[1] 1817
[1] 2
[1] "save region:"
[1] 1818
[1] 2
[1] "save region:"
[1] 1819
[1] 2
[1] "save region:"
[1] 1820
[1] 11
[1] "save region:"
[1] 1821
[1] 11
[1] "save region:"
[1] 1822
[1] 36
[1] "save region:"
[1] 1823
[1] 5
[1] "save region:"
[1] 1824
[1] 23
[1] "save region:"
[1] 1825
[1] 64
[1] "save region:"
[1] 1826
[1] 84
[1] "save region:"
[1] 1827
[1] 9
[1] "save region:"
[1] 1828
[1] 51
[1] "save region:"
[1] 1829
[1] 15
[1] "save region:"
[1] 1830
[1] 28
[1] "save region:"
[1] 1831
[1] 40
[1] "save region:"
[1] 1832
[1] 6
[1] "save region:"
[1] 1833
[1] 5
[1] "save region:"
[1] 1834
[1] 25
[1] "save region:"
[1] 1835
[1] 22
[1] "save region:"
[1] 1836
[1] 9
[1] "save region:"
[1] 1837
[1] 44
[1] "save region:"
[1] 1838
[1] 26
[1] "save region:"
[1] 1839
[1] 83
[1] "save region:"
[1] 1840
[1] 33
[1] "save region:"
[1] 1841
[1] 9
[1] "save region:"
[1] 1842
[1] 41
[1] "save region:"
[1] 1843
[1] 195
[1] "save region:"
[1] 1844
[1] 214
[1] "save region:"
[1] 1845
[1] 109
[1] "save region:"
[1] 1846
[1] 131
[1] "save region:"
[1] 1847
[1] 39
[1] "save region:"
[1] 1848
[1] 8
[1] "save region:"
[1] 1849
[1] 359
[1] "save region:"
[1] 1850
[1] 33
[1] "save region:"
[1] 1851
[1] 12
[1] "save region:"
[1] 1852
[1] 42
[1] "save region:"
[1] 1853
[1] 56
[1] "save region:"
[1] 1854
[1] 42
[1] "save region:"
[1] 1855
[1] 34
[1] "save region:"
[1] 1856
[1] 31
[1] "save region:"
[1] 1857
[1] 10
[1] "save region:"
[1] 1858
[1] 4
[1] "save region:"
[1] 1859
[1] 27
[1] "save region:"
[1] 1860
[1] 13
[1] "save region:"
[1] 1861
[1] 6
[1] "save region:"
[1] 1862
[1] 1234
[1] "save region:"
[1] 1863
[1] 4
[1] "save region:"
[1] 1864
[1] 59
[1] "save region:"
[1] 1865
[1] 7
[1] "save region:"
[1] 1866
[1] 53
[1] "save region:"
[1] 1867
[1] 17
[1] "save region:"
[1] 1868
[1] 89
[1] "save region:"
[1] 1869
[1] 385
[1] "save region:"
[1] 1870
[1] 19
[1] "save region:"
[1] 1871
[1] 21
[1] "save region:"
[1] 1872
[1] 56
[1] "save region:"
[1] 1873
[1] 90
[1] "save region:"
[1] 1874
[1] 19
[1] "save region:"
[1] 1875
[1] 4
[1] "save region:"
[1] 1876
[1] 34
[1] "save region:"
[1] 1877
[1] 10
[1] "save region:"
[1] 1878
[1] 71
[1] "save region:"
[1] 1879
[1] 79
[1] "save region:"
[1] 1880
[1] 62
[1] "save region:"
[1] 1881
[1] 76
[1] "save region:"
[1] 1882
[1] 32
[1] "save region:"
[1] 1883
[1] 63
[1] "save region:"
[1] 1884
[1] 8
[1] "save region:"
[1] 1885
[1] 11
[1] "save region:"
[1] 1886
[1] 11
[1] "save region:"
[1] 1887
[1] 116
[1] "save region:"
[1] 1888
[1] 7
[1] "save region:"
[1] 1889
[1] 7
[1] "save region:"
[1] 1890
[1] 7
[1] "save region:"
[1] 1891
[1] 11
[1] "save region:"
[1] 1892
[1] 53
[1] "save region:"
[1] 1893
[1] 8
[1] "save region:"
[1] 1894
[1] 8
[1] "save region:"
[1] 1895
[1] 49
[1] "save region:"
[1] 1896
[1] 16
[1] "save region:"
[1] 1897
[1] 4
[1] "save region:"
[1] 1898
[1] 7
[1] "save region:"
[1] 1899
[1] 5
[1] "save region:"
[1] 1900
[1] 519
[1] "save region:"
[1] 1901
[1] 5
[1] "save region:"
[1] 1902
[1] 4
[1] "save region:"
[1] 1903
[1] 2
[1] "save region:"
[1] 1904
[1] 63
[1] "save region:"
[1] 1905
[1] 14
[1] "save region:"
[1] 1906
[1] 7
[1] "save region:"
[1] 1907
[1] 4
[1] "save region:"
[1] 1908
[1] 5
[1] "save region:"
[1] 1909
[1] 15
[1] "save region:"
[1] 1910
[1] 177
[1] "save region:"
[1] 1911
[1] 43
[1] "save region:"
[1] 1912
[1] 7
[1] "save region:"
[1] 1913
[1] 1
[1] "save region:"
[1] 1914
[1] 80
[1] "save region:"
[1] 1915
[1] 95
[1] "save region:"
[1] 1916
[1] 116
[1] "save region:"
[1] 1917
[1] 47
[1] "save region:"
[1] 1918
[1] 100
[1] "save region:"
[1] 1919
[1] 182
[1] "save region:"
[1] 1920
[1] 116
[1] "save region:"
[1] 1921
[1] 149
[1] "save region:"
[1] 1922
[1] 10
[1] "save region:"
[1] 1923
[1] 14
[1] "save region:"
[1] 1924
[1] 89
[1] "save region:"
[1] 1925
[1] 50
[1] "save region:"
[1] 1926
[1] 226
[1] "save region:"
[1] 1927
[1] 23
[1] "save region:"
[1] 1928
[1] 65
[1] "save region:"
[1] 1929
[1] 5
[1] "save region:"
[1] 1930
[1] 24
[1] "save region:"
[1] 1931
[1] 577
[1] "save region:"
[1] 1932
[1] 307
[1] "save region:"
[1] 1933
[1] 524
[1] "save region:"
[1] 1934
[1] 88
[1] "save region:"
[1] 1935
[1] 56
[1] "save region:"
[1] 1936
[1] 164
[1] "save region:"
[1] 1937
[1] 13
[1] "save region:"
[1] 1938
[1] 16
[1] "save region:"
[1] 1939
[1] 2
[1] "save region:"
[1] 1940
[1] 93
[1] "save region:"
[1] 1941
[1] 241
[1] "save region:"
[1] 1942
[1] 35
[1] "save region:"
[1] 1943
[1] 13
[1] "save region:"
[1] 1944
[1] 3
[1] "save region:"
[1] 1945
[1] 140
[1] "save region:"
[1] 1946
[1] 50
[1] "save region:"
[1] 1947
[1] 31
[1] "save region:"
[1] 1948
[1] 13
[1] "save region:"
[1] 1949
[1] 13
[1] "save region:"
[1] 1950
[1] 7
[1] "save region:"
[1] 1951
[1] 4
[1] "save region:"
[1] 1952
[1] 24
[1] "save region:"
[1] 1953
[1] 255
[1] "save region:"
[1] 1954
[1] 36
[1] "save region:"
[1] 1955
[1] 32
[1] "save region:"
[1] 1956
[1] 19
[1] "save region:"
[1] 1957
[1] 8
[1] "save region:"
[1] 1958
[1] 66
[1] "save region:"
[1] 1959
[1] 48
[1] "save region:"
[1] 1960
[1] 38
[1] "save region:"
[1] 1961
[1] 172
[1] "save region:"
[1] 1962
[1] 91
[1] "save region:"
[1] 1963
[1] 293
[1] "save region:"
[1] 1964
[1] 114
[1] "save region:"
[1] 1965
[1] 56
[1] "save region:"
[1] 1966
[1] 81
[1] "save region:"
[1] 1967
[1] 33
[1] "save region:"
[1] 1968
[1] 223
[1] "save region:"
[1] 1969
[1] 255
[1] "save region:"
[1] 1970
[1] 80
[1] "save region:"
[1] 1971
[1] 64
[1] "save region:"
[1] 1972
[1] 29
[1] "save region:"
[1] 1973
[1] 44
[1] "save region:"
[1] 1974
[1] 123
[1] "save region:"
[1] 1975
[1] 269
[1] "save region:"
[1] 1976
[1] 301
[1] "save region:"
[1] 1977
[1] 13239
[1] "save region:"
[1] 1978
[1] 32
[1] "save region:"
[1] 1979
[1] 49
[1] "save region:"
[1] 1980
[1] 357
[1] "save region:"
[1] 1981
[1] 544
[1] "save region:"
[1] 1982
[1] 55
[1] "save region:"
[1] 1983
[1] 22
[1] "save region:"
[1] 1984
[1] 25
[1] "save region:"
[1] 1985
[1] 379
[1] "save region:"
[1] 1986
[1] 85
[1] "save region:"
[1] 1987
[1] 291
[1] "save region:"
[1] 1988
[1] 133
[1] "save region:"
[1] 1989
[1] 53
[1] "save region:"
[1] 1990
[1] 43
[1] "save region:"
[1] 1991
[1] 161
[1] "save region:"
[1] 1992
[1] 230
[1] "save region:"
[1] 1993
[1] 129
[1] "save region:"
[1] 1994
[1] 171
[1] "save region:"
[1] 1995
[1] 79
[1] "save region:"
[1] 1996
[1] 470
[1] "save region:"
[1] 1997
[1] 48
[1] "save region:"
[1] 1998
[1] 44
[1] "save region:"
[1] 1999
[1] 524
[1] "save region:"
[1] 2000
[1] 376
[1] "save region:"
[1] 2001
[1] 39
[1] "save region:"
[1] 2002
[1] 24
[1] "save region:"
[1] 2003
[1] 52
[1] "save region:"
[1] 2004
[1] 42
[1] "save region:"
[1] 2005
[1] 2
[1] "save region:"
[1] 2006
[1] 6
[1] "save region:"
[1] 2007
[1] 17
[1] "save region:"
[1] 2008
[1] 174
[1] "save region:"
[1] 2009
[1] 9
[1] "save region:"
[1] 2010
[1] 25
[1] "save region:"
[1] 2011
[1] 6
[1] "save region:"
[1] 2012
[1] 13
[1] "save region:"
[1] 2013
[1] 62
[1] "save region:"
[1] 2014
[1] 97
[1] "save region:"
[1] 2015
[1] 40
[1] "save region:"
[1] 2016
[1] 80
[1] "save region:"
[1] 2017
[1] 26
[1] "save region:"
[1] 2018
[1] 1
[1] "save region:"
[1] 2019
[1] 13
[1] "save region:"
[1] 2020
[1] 3
[1] "save region:"
[1] 2021
[1] 7
[1] "save region:"
[1] 2022
[1] 11
[1] "save region:"
[1] 2023
[1] 46
[1] "save region:"
[1] 2024
[1] 27
[1] "save region:"
[1] 2025
[1] 22
[1] "save region:"
[1] 2026
[1] 65
[1] "save region:"
[1] 2027
[1] 30
[1] "save region:"
[1] 2028
[1] 9
[1] "save region:"
[1] 2029
[1] 39
[1] "save region:"
[1] 2030
[1] 4
[1] "save region:"
[1] 2031
[1] 46
[1] "save region:"
[1] 2032
[1] 9
[1] "save region:"
[1] 2033
[1] 80
[1] "save region:"
[1] 2034
[1] 16
[1] "save region:"
[1] 2035
[1] 15
[1] "save region:"
[1] 2036
[1] 156
[1] "save region:"
[1] 2037
[1] 26
[1] "save region:"
[1] 2038
[1] 96
[1] "save region:"
[1] 2039
[1] 185
[1] "save region:"
[1] 2040
[1] 46
[1] "save region:"
[1] 2041
[1] 77
[1] "save region:"
[1] 2042
[1] 99
[1] "save region:"
[1] 2043
[1] 91
[1] "save region:"
[1] 2044
[1] 2
[1] "save region:"
[1] 2045
[1] 7
[1] "save region:"
[1] 2046
[1] 13
[1] "save region:"
[1] 2047
[1] 115
[1] "save region:"
[1] 2048
[1] 10
[1] "save region:"
[1] 2049
[1] 33
[1] "save region:"
[1] 2050
[1] 2
[1] "save region:"
[1] 2051
[1] 27
[1] "save region:"
[1] 2052
[1] 9
[1] "save region:"
[1] 2053
[1] 177
[1] "save region:"
[1] 2054
[1] 44
[1] "save region:"
[1] 2055
[1] 78
[1] "save region:"
[1] 2056
[1] 70
[1] "save region:"
[1] 2057
[1] 42
[1] "save region:"
[1] 2058
[1] 39
[1] "save region:"
[1] 2059
[1] 28
[1] "save region:"
[1] 2060
[1] 968
[1] "save region:"
[1] 2061
[1] 59
[1] "save region:"
[1] 2062
[1] 113
[1] "save region:"
[1] 2063
[1] 15
[1] "save region:"
[1] 2064
[1] 517
[1] "save region:"
[1] 2065
[1] 167
[1] "save region:"
[1] 2066
[1] 80
[1] "save region:"
[1] 2067
[1] 1272
[1] "save region:"
[1] 2068
[1] 81
[1] "save region:"
[1] 2069
[1] 52
[1] "save region:"
[1] 2070
[1] 185
[1] "save region:"
[1] 2071
[1] 120
[1] "save region:"
[1] 2072
[1] 51
[1] "save region:"
[1] 2073
[1] 9
[1] "save region:"
[1] 2074
[1] 76
[1] "save region:"
[1] 2075
[1] 27
[1] "save region:"
[1] 2076
[1] 48
[1] "save region:"
[1] 2077
[1] 28
[1] "save region:"
[1] 2078
[1] 55
[1] "save region:"
[1] 2079
[1] 5
[1] "save region:"
[1] 2080
[1] 27
[1] "save region:"
[1] 2081
[1] 14
[1] "save region:"
[1] 2082
[1] 79
[1] "save region:"
[1] 2083
[1] 49
[1] "save region:"
[1] 2084
[1] 23
[1] "save region:"
[1] 2085
[1] 47
[1] "save region:"
[1] 2086
[1] 6
[1] "save region:"
[1] 2087
[1] 13
[1] "save region:"
[1] 2088
[1] 72
[1] "save region:"
[1] 2089
[1] 11
[1] "save region:"
[1] 2090
[1] 64
[1] "save region:"
[1] 2091
[1] 13
[1] "save region:"
[1] 2092
[1] 12015
[1] "save region:"
[1] 2093
[1] 371
[1] "save region:"
[1] 2094
[1] 172
[1] "save region:"
[1] 2095
[1] 197
[1] "save region:"
[1] 2096
[1] 216
[1] "save region:"
[1] 2097
[1] 191
[1] "save region:"
[1] 2098
[1] 15
[1] "save region:"
[1] 2099
[1] 29
[1] "save region:"
[1] 2100
[1] 10
[1] "save region:"
[1] 2101
[1] 312
[1] "save region:"
[1] 2102
[1] 41
[1] "save region:"
[1] 2103
[1] 8
[1] "save region:"
[1] 2104
[1] 982
[1] "save region:"
[1] 2105
[1] 84
[1] "save region:"
[1] 2106
[1] 22
[1] "save region:"
[1] 2107
[1] 23
[1] "save region:"
[1] 2108
[1] 11
[1] "save region:"
[1] 2109
[1] 125
[1] "save region:"
[1] 2110
[1] 33
[1] "save region:"
[1] 2111
[1] 27
[1] "save region:"
[1] 2112
[1] 6
[1] "save region:"
[1] 2113
[1] 22
[1] "save region:"
[1] 2114
[1] 203
[1] "save region:"
[1] 2115
[1] 45
[1] "save region:"
[1] 2116
[1] 39
[1] "save region:"
[1] 2117
[1] 28
[1] "save region:"
[1] 2118
[1] 95
[1] "save region:"
[1] 2119
[1] 21
[1] "save region:"
[1] 2120
[1] 16
[1] "save region:"
[1] 2121
[1] 16
[1] "save region:"
[1] 2122
[1] 44
[1] "save region:"
[1] 2123
[1] 22
[1] "save region:"
[1] 2124
[1] 81
[1] "save region:"
[1] 2125
[1] 29
[1] "save region:"
[1] 2126
[1] 66
[1] "save region:"
[1] 2127
[1] 45
[1] "save region:"
[1] 2128
[1] 19
[1] "save region:"
[1] 2129
[1] 295
[1] "save region:"
[1] 2130
[1] 22
[1] "save region:"
[1] 2131
[1] 30
[1] "save region:"
[1] 2132
[1] 30
[1] "save region:"
[1] 2133
[1] 111
[1] "save region:"
[1] 2134
[1] 32
[1] "save region:"
[1] 2135
[1] 21
[1] "save region:"
[1] 2136
[1] 187
[1] "save region:"
[1] 2137
[1] 6
[1] "save region:"
[1] 2138
[1] 237
[1] "save region:"
[1] 2139
[1] 81
[1] "save region:"
[1] 2140
[1] 10
[1] "save region:"
[1] 2141
[1] 379
[1] "save region:"
[1] 2142
[1] 81
[1] "save region:"
[1] 2143
[1] 461
[1] "save region:"
[1] 2144
[1] 417
[1] "save region:"
[1] 2145
[1] 132
[1] "save region:"
[1] 2146
[1] 152
[1] "save region:"
[1] 2147
[1] 542
[1] "save region:"
[1] 2148
[1] 102
[1] "save region:"
[1] 2149
[1] 1556
[1] "save region:"
[1] 2150
[1] 10378
[1] "save region:"
[1] 2151
[1] 287
[1] "save region:"
[1] 2152
[1] 34
[1] "save region:"
[1] 2153
[1] 2549
[1] "save region:"
[1] 2154
[1] 131
[1] "save region:"
[1] 2155
[1] 11
[1] "save region:"
[1] 2156
[1] 37
[1] "save region:"
[1] 2157
[1] 12
[1] "save region:"
[1] 2158
[1] 9
[1] "save region:"
[1] 2159
[1] 2
[1] "save region:"
[1] 2160
[1] 35
[1] "save region:"
[1] 2161
[1] 2
[1] "save region:"
[1] 2162
[1] 1
[1] "save region:"
[1] 2163
[1] 21
[1] "save region:"
[1] 2164
[1] 8
[1] "save region:"
[1] 2165
[1] 33
[1] "save region:"
[1] 2166
[1] 89
[1] "save region:"
[1] 2167
[1] 87
[1] "save region:"
[1] 2168
[1] 288
[1] "save region:"
[1] 2169
[1] 18
[1] "save region:"
[1] 2170
[1] 23
[1] "save region:"
[1] 2171
[1] 42
[1] "save region:"
[1] 2172
[1] 75
[1] "save region:"
[1] 2173
[1] 60
[1] "save region:"
[1] 2174
[1] 53
[1] "save region:"
[1] 2175
[1] 8
[1] "save region:"
[1] 2176
[1] 3
[1] "save region:"
[1] 2177
[1] 118
[1] "save region:"
[1] 2178
[1] 31
[1] "save region:"
[1] 2179
[1] 35
[1] "save region:"
[1] 2180
[1] 1
[1] "save region:"
[1] 2181
[1] 4
[1] "save region:"
[1] 2182
[1] 10
[1] "save region:"
[1] 2183
[1] 8
[1] "save region:"
[1] 2184
[1] 7
[1] "save region:"
[1] 2185
[1] 9
[1] "save region:"
[1] 2186
[1] 4
[1] "save region:"
[1] 2187
[1] 21
[1] "save region:"
[1] 2188
[1] 159
[1] "save region:"
[1] 2189
[1] 123
[1] "save region:"
[1] 2190
[1] 141
[1] "save region:"
[1] 2191
[1] 27
[1] "save region:"
[1] 2192
[1] 79
[1] "save region:"
[1] 2193
[1] 161
[1] "save region:"
[1] 2194
[1] 109
[1] "save region:"
[1] 2195
[1] 39
[1] "save region:"
[1] 2196
[1] 427
[1] "save region:"
[1] 2197
[1] 7449
[1] "save region:"
[1] 2198
[1] 2976
[1] "save region:"
[1] 2199
[1] 245
[1] "save region:"
[1] 2200
[1] 23
[1] "save region:"
[1] 2201
[1] 70
[1] "save region:"
[1] 2202
[1] 3
[1] "save region:"
[1] 2203
[1] 587
[1] "save region:"
[1] 2204
[1] 6
[1] "save region:"
[1] 2205
[1] 196
[1] "save region:"
[1] 2206
[1] 10
[1] "save region:"
[1] 2207
[1] 179
[1] "save region:"
[1] 2208
[1] 174
[1] "save region:"
[1] 2209
[1] 502
[1] "save region:"
[1] 2210
[1] 905
[1] "save region:"
[1] 2211
[1] 205
[1] "save region:"
[1] 2212
[1] 308
[1] "save region:"
[1] 2213
[1] 7
[1] "save region:"
[1] 2214
[1] 21
[1] "save region:"
[1] 2215
[1] 5
[1] "save region:"
[1] 2216
[1] 282
[1] "save region:"
[1] 2217
[1] 32
[1] "save region:"
[1] 2218
[1] 351
[1] "save region:"
[1] 2219
[1] 25
[1] "save region:"
[1] 2220
[1] 37
[1] "save region:"
[1] 2221
[1] 32
[1] "save region:"
[1] 2222
[1] 88
[1] "save region:"
[1] 2223
[1] 12
[1] "save region:"
[1] 2224
[1] 6
[1] "save region:"
[1] 2225
[1] 2
[1] "save region:"
[1] 2226
[1] 49
[1] "save region:"
[1] 2227
[1] 13
[1] "save region:"
[1] 2228
[1] 8
[1] "save region:"
[1] 2229
[1] 18
[1] "save region:"
[1] 2230
[1] 45
[1] "save region:"
[1] 2231
[1] 6
[1] "save region:"
[1] 2232
[1] 12
[1] "save region:"
[1] 2233
[1] 5
[1] "save region:"
[1] 2234
[1] 11
[1] "save region:"
[1] 2235
[1] 65
[1] "save region:"
[1] 2236
[1] 2
[1] "save region:"
[1] 2237
[1] 8
[1] "save region:"
[1] 2238
[1] 5
[1] "save region:"
[1] 2239
[1] 42
[1] "save region:"
[1] 2240
[1] 2
[1] "save region:"
[1] 2241
[1] 2
[1] "save region:"
[1] 2242
[1] 30
[1] "save region:"
[1] 2243
[1] 11
[1] "save region:"
[1] 2244
[1] 59
[1] "save region:"
[1] 2245
[1] 11
[1] "save region:"
[1] 2246
[1] 500
[1] "save region:"
[1] 2247
[1] 8
[1] "save region:"
[1] 2248
[1] 77
[1] "save region:"
[1] 2249
[1] 91
[1] "save region:"
[1] 2250
[1] 47
[1] "save region:"
[1] 2251
[1] 309
[1] "save region:"
[1] 2252
[1] 8
[1] "save region:"
[1] 2253
[1] 9
[1] "save region:"
[1] 2254
[1] 2
[1] "save region:"
[1] 2255
[1] 50
[1] "save region:"
[1] 2256
[1] 35
[1] "save region:"
[1] 2257
[1] 33
[1] "save region:"
[1] 2258
[1] 7
[1] "save region:"
[1] 2259
[1] 65
[1] "save region:"
[1] 2260
[1] 6
[1] "save region:"
[1] 2261
[1] 346
[1] "save region:"
[1] 2262
[1] 18
[1] "save region:"
[1] 2263
[1] 139
[1] "save region:"
[1] 2264
[1] 61
[1] "save region:"
[1] 2265
[1] 71
[1] "save region:"
[1] 2266
[1] 11
[1] "save region:"
[1] 2267
[1] 7
[1] "save region:"
[1] 2268
[1] 9
[1] "save region:"
[1] 2269
[1] 10
[1] "save region:"
[1] 2270
[1] 8
[1] "save region:"
[1] 2271
[1] 13
[1] "save region:"
[1] 2272
[1] 44
[1] "save region:"
[1] 2273
[1] 36
[1] "save region:"
[1] 2274
[1] 73
[1] "save region:"
[1] 2275
[1] 5
[1] "save region:"
[1] 2276
[1] 40
[1] "save region:"
[1] 2277
[1] 78
[1] "save region:"
[1] 2278
[1] 405
[1] "save region:"
[1] 2279
[1] 66
[1] "save region:"
[1] 2280
[1] 6
[1] "save region:"
[1] 2281
[1] 5
[1] "save region:"
[1] 2282
[1] 5
[1] "save region:"
[1] 2283
[1] 237
[1] "save region:"
[1] 2284
[1] 41
[1] "save region:"
[1] 2285
[1] 22
[1] "save region:"
[1] 2286
[1] 40
[1] "save region:"
[1] 2287
[1] 27
[1] "save region:"
[1] 2288
[1] 23
[1] "save region:"
[1] 2289
[1] 37
[1] "save region:"
[1] 2290
[1] 41
[1] "save region:"
[1] 2291
[1] 9
[1] "save region:"
[1] 2292
[1] 39
[1] "save region:"
[1] 2293
[1] 11
[1] "save region:"
[1] 2294
[1] 11
[1] "save region:"
[1] 2295
[1] 48
[1] "save region:"
[1] 2296
[1] 20
[1] "save region:"
[1] 2297
[1] 52
[1] "save region:"
[1] 2298
[1] 28
[1] "save region:"
[1] 2299
[1] 95
[1] "save region:"
[1] 2300
[1] 63
[1] "save region:"
[1] 2301
[1] 22
[1] "save region:"
[1] 2302
[1] 25
[1] "save region:"
[1] 2303
[1] 27
[1] "save region:"
[1] 2304
[1] 42
[1] "save region:"
[1] 2305
[1] 122
[1] "save region:"
[1] 2306
[1] 25
[1] "save region:"
[1] 2307
[1] 35
[1] "save region:"
[1] 2308
[1] 18
[1] "save region:"
[1] 2309
[1] 348
[1] "save region:"
[1] 2310
[1] 29
[1] "save region:"
[1] 2311
[1] 6
[1] "save region:"
[1] 2312
[1] 36
[1] "save region:"
[1] 2313
[1] 10
[1] "save region:"
[1] 2314
[1] 13
[1] "save region:"
[1] 2315
[1] 38
[1] "save region:"
[1] 2316
[1] 6
[1] "save region:"
[1] 2317
[1] 98
[1] "save region:"
[1] 2318
[1] 6
[1] "save region:"
[1] 2319
[1] 19
[1] "save region:"
[1] 2320
[1] 6
[1] "save region:"
[1] 2321
[1] 25
[1] "save region:"
[1] 2322
[1] 12
[1] "save region:"
[1] 2323
[1] 21
[1] "save region:"
[1] 2324
[1] 30
[1] "save region:"
[1] 2325
[1] 6
[1] "save region:"
[1] 2326
[1] 44
[1] "save region:"
[1] 2327
[1] 4
[1] "save region:"
[1] 2328
[1] 9
[1] "save region:"
[1] 2329
[1] 19
[1] "save region:"
[1] 2330
[1] 28
[1] "save region:"
[1] 2331
[1] 7
[1] "save region:"
[1] 2332
[1] 6
[1] "save region:"
[1] 2333
[1] 36
[1] "save region:"
[1] 2334
[1] 28
[1] "save region:"
[1] 2335
[1] 21
[1] "save region:"
[1] 2336
[1] 83
[1] "save region:"
[1] 2337
[1] 482
[1] "save region:"
[1] 2338
[1] 162
[1] "save region:"
[1] 2339
[1] 243
[1] "save region:"
[1] 2340
[1] 148
[1] "save region:"
[1] 2341
[1] 447
[1] "save region:"
[1] 2342
[1] 78
[1] "save region:"
[1] 2343
[1] 70
[1] "save region:"
[1] 2344
[1] 228
[1] "save region:"
[1] 2345
[1] 156
[1] "save region:"
[1] 2346
[1] 9
[1] "save region:"
[1] 2347
[1] 74
[1] "save region:"
[1] 2348
[1] 444
[1] "save region:"
[1] 2349
[1] 194
[1] "save region:"
[1] 2350
[1] 109
[1] "save region:"
[1] 2351
[1] 49
[1] "save region:"
[1] 2352
[1] 154
[1] "save region:"
[1] 2353
[1] 255
[1] "save region:"
[1] 2354
[1] 171
[1] "save region:"
[1] 2355
[1] 21
[1] "save region:"
[1] 2356
[1] 217
[1] "save region:"
[1] 2357
[1] 178
[1] "save region:"
[1] 2358
[1] 469
[1] "save region:"
[1] 2359
[1] 48
[1] "save region:"
[1] 2360
[1] 60
[1] "save region:"
[1] 2361
[1] 99
[1] "save region:"
[1] 2362
[1] 75
[1] "save region:"
[1] 2363
[1] 88
[1] "save region:"
[1] 2364
[1] 35
[1] "save region:"
[1] 2365
[1] 128
[1] "save region:"
[1] 2366
[1] 115
[1] "save region:"
[1] 2367
[1] 340
[1] "save region:"
[1] 2368
[1] 561
[1] "save region:"
[1] 2369
[1] 60
[1] "save region:"
[1] 2370
[1] 14
[1] "save region:"
[1] 2371
[1] 1050
[1] "save region:"
[1] 2372
[1] 82
[1] "save region:"
[1] 2373
[1] 368
[1] "save region:"
[1] 2374
[1] 648
[1] "save region:"
[1] 2375
[1] 2873
[1] "save region:"
[1] 2376
[1] 712
[1] "save region:"
[1] 2377
[1] 1128
[1] "save region:"
[1] 2378
[1] 752
[1] "save region:"
[1] 2379
[1] 84
[1] "save region:"
[1] 2380
[1] 58
[1] "save region:"
[1] 2381
[1] 335
[1] "save region:"
[1] 2382
[1] 52
[1] "save region:"
[1] 2383
[1] 118
[1] "save region:"
[1] 2384
[1] 291
[1] "save region:"
[1] 2385
[1] 37
[1] "save region:"
[1] 2386
[1] 138
[1] "save region:"
[1] 2387
[1] 28
[1] "save region:"
[1] 2388
[1] 46
[1] "save region:"
[1] 2389
[1] 110
[1] "save region:"
[1] 2390
[1] 22
[1] "save region:"
[1] 2391
[1] 364
[1] "save region:"
[1] 2392
[1] 99
[1] "save region:"
[1] 2393
[1] 133
[1] "save region:"
[1] 2394
[1] 70
[1] "save region:"
[1] 2395
[1] 772
[1] "save region:"
[1] 2396
[1] 1402
[1] "save region:"
[1] 2397
[1] 1168
[1] "save region:"
[1] 2398
[1] 11503
[1] "save region:"
[1] 2399
[1] 26
[1] "save region:"
[1] 2400
[1] 5
[1] "save region:"
[1] 2401
[1] 5
[1] "save region:"
[1] 2402
[1] 44
[1] "save region:"
[1] 2403
[1] 6
[1] "save region:"
[1] 2404
[1] 1143
[1] "save region:"
[1] 2405
[1] 113
[1] "save region:"
[1] 2406
[1] 43
[1] "save region:"
[1] 2407
[1] 69
[1] "save region:"
[1] 2408
[1] 10
[1] "save region:"
[1] 2409
[1] 16
[1] "save region:"
[1] 2410
[1] 110
[1] "save region:"
[1] 2411
[1] 22
[1] "save region:"
[1] 2412
[1] 23
[1] "save region:"
[1] 2413
[1] 14
[1] "save region:"
[1] 2414
[1] 55
[1] "save region:"
[1] 2415
[1] 6
[1] "save region:"
[1] 2416
[1] 9
[1] "save region:"
[1] 2417
[1] 43
[1] "save region:"
[1] 2418
[1] 7
[1] "save region:"
[1] 2419
[1] 16
[1] "save region:"
[1] 2420
[1] 7
[1] "save region:"
[1] 2421
[1] 16
[1] "save region:"
[1] 2422
[1] 6
[1] "save region:"
[1] 2423
[1] 7
[1] "save region:"
[1] 2424
[1] 9
[1] "save region:"
[1] 2425
[1] 2
[1] "save region:"
[1] 2426
[1] 35
[1] "save region:"
[1] 2427
[1] 22
[1] "save region:"
[1] 2428
[1] 9
[1] "save region:"
[1] 2429
[1] 11
[1] "save region:"
[1] 2430
[1] 39
[1] "save region:"
[1] 2431
[1] 2
[1] "save region:"
[1] 2432
[1] 50
[1] "save region:"
[1] 2433
[1] 28
[1] "save region:"
[1] 2434
[1] 86
[1] "save region:"
[1] 2435
[1] 101
[1] "save region:"
[1] 2436
[1] 263
[1] "save region:"
[1] 2437
[1] 646
[1] "save region:"
[1] 2438
[1] 40
[1] "save region:"
[1] 2439
[1] 23
[1] "save region:"
[1] 2440
[1] 72
[1] "save region:"
[1] 2441
[1] 98
[1] "save region:"
[1] 2442
[1] 23
[1] "save region:"
[1] 2443
[1] 29
[1] "save region:"
[1] 2444
[1] 16
[1] "save region:"
[1] 2445
[1] 225
[1] "save region:"
[1] 2446
[1] 6
[1] "save region:"
[1] 2447
[1] 25
[1] "save region:"
[1] 2448
[1] 17
[1] "save region:"
[1] 2449
[1] 27
[1] "save region:"
[1] 2450
[1] 11
[1] "save region:"
[1] 2451
[1] 50
[1] "save region:"
[1] 2452
[1] 6
[1] "save region:"
[1] 2453
[1] 71
[1] "save region:"
[1] 2454
[1] 29
[1] "save region:"
[1] 2455
[1] 16
[1] "save region:"
[1] 2456
[1] 48
[1] "save region:"
[1] 2457
[1] 12
[1] "save region:"
[1] 2458
[1] 3
[1] "save region:"
[1] 2459
[1] 10
[1] "save region:"
[1] 2460
[1] 18
[1] "save region:"
[1] 2461
[1] 6
[1] "save region:"
[1] 2462
[1] 6
[1] "save region:"
[1] 2463
[1] 11
[1] "save region:"
[1] 2464
[1] 46
[1] "save region:"
[1] 2465
[1] 62
[1] "save region:"
[1] 2466
[1] 1
[1] "save region:"
[1] 2467
[1] 48
[1] "save region:"
[1] 2468
[1] 5
[1] "save region:"
[1] 2469
[1] 216
[1] "save region:"
[1] 2470
[1] 36
[1] "save region:"
[1] 2471
[1] 80
[1] "save region:"
[1] 2472
[1] 11
[1] "save region:"
[1] 2473
[1] 58
[1] "save region:"
[1] 2474
[1] 67
[1] "save region:"
[1] 2475
[1] 78
[1] "save region:"
[1] 2476
[1] 31
[1] "save region:"
[1] 2477
[1] 8
[1] "save region:"
[1] 2478
[1] 62
[1] "save region:"
[1] 2479
[1] 1
[1] "save region:"
[1] 2480
[1] 10
[1] "save region:"
[1] 2481
[1] 161
[1] "save region:"
[1] 2482
[1] 1
[1] "save region:"
[1] 2483
[1] 95
[1] "save region:"
[1] 2484
[1] 74
[1] "save region:"
[1] 2485
[1] 8
[1] "save region:"
[1] 2486
[1] 1
[1] "save region:"
[1] 2487
[1] 11
[1] "save region:"
[1] 2488
[1] 16
[1] "save region:"
[1] 2489
[1] 7
[1] "save region:"
[1] 2490
[1] 4
[1] "save region:"
[1] 2491
[1] 45
[1] "save region:"
[1] 2492
[1] 90
[1] "save region:"
[1] 2493
[1] 19873
[1] "save region:"
[1] 2494
[1] 12
[1] "save region:"
[1] 2495
[1] 40
[1] "save region:"
[1] 2496
[1] 139
[1] "save region:"
[1] 2497
[1] 20
[1] "save region:"
[1] 2498
[1] 49
[1] "save region:"
[1] 2499
[1] 41
[1] "save region:"
[1] 2500
[1] 59
[1] "save region:"
[1] 2501
[1] 23
[1] "save region:"
[1] 2502
[1] 186
[1] "save region:"
[1] 2503
[1] 18290
[1] "save region:"
[1] 2504
[1] 19
[1] "save region:"
[1] 2505
[1] 114
[1] "save region:"
[1] 2506
[1] 42
[1] "save region:"
[1] 2507
[1] 65
[1] "save region:"
[1] 2508
[1] 42
[1] "save region:"
[1] 2509
[1] 4221
[1] "save region:"
[1] 2510
[1] 182
[1] "save region:"
[1] 2511
[1] 72
[1] "save region:"
[1] 2512
[1] 21
[1] "save region:"
[1] 2513
[1] 92
[1] "save region:"
[1] 2514
[1] 13928
[1] "save region:"
[1] 2515
[1] 707
[1] "save region:"
[1] 2516
[1] 103
[1] "save region:"
[1] 2517
[1] 51
[1] "save region:"
[1] 2518
[1] 8
[1] "save region:"
[1] 2519
[1] 5
[1] "save region:"
[1] 2520
[1] 178
[1] "save region:"
[1] 2521
[1] 6
[1] "save region:"
[1] 2522
[1] 26
[1] "save region:"
[1] 2523
[1] 32
[1] "save region:"
[1] 2524
[1] 7
[1] "save region:"
[1] 2525
[1] 12
[1] "save region:"
[1] 2526
[1] 3
[1] "save region:"
[1] 2527
[1] 48
[1] "save region:"
[1] 2528
[1] 57
[1] "save region:"
[1] 2529
[1] 104
[1] "save region:"
[1] 2530
[1] 9
[1] "save region:"
[1] 2531
[1] 3
[1] "save region:"
[1] 2532
[1] 7
[1] "save region:"
[1] 2533
[1] 64
[1] "save region:"
[1] 2534
[1] 8
[1] "save region:"
[1] 2535
[1] 4
[1] "save region:"
[1] 2536
[1] 3
[1] "save region:"
[1] 2537
[1] 22
[1] "save region:"
[1] 2538
[1] 7
[1] "save region:"
[1] 2539
[1] 1
[1] "save region:"
[1] 2540
[1] 8
[1] "save region:"
[1] 2541
[1] 9
[1] "save region:"
[1] 2542
[1] 37
[1] "save region:"
[1] 2543
[1] 28
[1] "save region:"
[1] 2544
[1] 7
[1] "save region:"
[1] 2545
[1] 51
[1] "save region:"
[1] 2546
[1] 45
[1] "save region:"
[1] 2547
[1] 68
[1] "save region:"
[1] 2548
[1] 9
[1] "save region:"
[1] 2549
[1] 14
[1] "save region:"
[1] 2550
[1] 28
[1] "save region:"
[1] 2551
[1] 59
[1] "save region:"
[1] 2552
[1] 8
[1] "save region:"
[1] 2553
[1] 14
[1] "save region:"
[1] 2554
[1] 11
[1] "save region:"
[1] 2555
[1] 13
[1] "save region:"
[1] 2556
[1] 43
[1] "save region:"
[1] 2557
[1] 28
[1] "save region:"
[1] 2558
[1] 8
[1] "save region:"
[1] 2559
[1] 48
[1] "save region:"
[1] 2560
[1] 61
[1] "save region:"
[1] 2561
[1] 28
[1] "save region:"
[1] 2562
[1] 6
[1] "save region:"
[1] 2563
[1] 39
[1] "save region:"
[1] 2564
[1] 41
[1] "save region:"
[1] 2565
[1] 7
[1] "save region:"
[1] 2566
[1] 4
[1] "save region:"
[1] 2567
[1] 8
[1] "save region:"
[1] 2568
[1] 10
[1] "save region:"
[1] 2569
[1] 22
[1] "save region:"
[1] 2570
[1] 7
[1] "save region:"
[1] 2571
[1] 8
[1] "save region:"
[1] 2572
[1] 3
[1] "save region:"
[1] 2573
[1] 65
[1] "save region:"
[1] 2574
[1] 6
[1] "save region:"
[1] 2575
[1] 42
[1] "save region:"
[1] 2576
[1] 7
[1] "save region:"
[1] 2577
[1] 51
[1] "save region:"
[1] 2578
[1] 124
[1] "save region:"
[1] 2579
[1] 9
[1] "save region:"
[1] 2580
[1] 8
[1] "save region:"
[1] 2581
[1] 10
[1] "save region:"
[1] 2582
[1] 28
[1] "save region:"
[1] 2583
[1] 49
[1] "save region:"
[1] 2584
[1] 89
[1] "save region:"
[1] 2585
[1] 17
[1] "save region:"
[1] 2586
[1] 106
[1] "save region:"
[1] 2587
[1] 74
[1] "save region:"
[1] 2588
[1] 49
[1] "save region:"
[1] 2589
[1] 66
[1] "save region:"
[1] 2590
[1] 7
[1] "save region:"
[1] 2591
[1] 35
[1] "save region:"
[1] 2592
[1] 9
[1] "save region:"
[1] 2593
[1] 9
[1] "save region:"
[1] 2594
[1] 47
[1] "save region:"
[1] 2595
[1] 11
[1] "save region:"
[1] 2596
[1] 13
[1] "save region:"
[1] 2597
[1] 21
[1] "save region:"
[1] 2598
[1] 66
[1] "save region:"
[1] 2599
[1] 12
[1] "save region:"
[1] 2600
[1] 33
[1] "save region:"
[1] 2601
[1] 30
[1] "save region:"
[1] 2602
[1] 41
[1] "save region:"
[1] 2603
[1] 8
[1] "save region:"
[1] 2604
[1] 51
[1] "save region:"
[1] 2605
[1] 22
[1] "save region:"
[1] 2606
[1] 32
[1] "save region:"
[1] 2607
[1] 8
[1] "save region:"
[1] 2608
[1] 56
[1] "save region:"
[1] 2609
[1] 265
[1] "save region:"
[1] 2610
[1] 17
[1] "save region:"
[1] 2611
[1] 45
[1] "save region:"
[1] 2612
[1] 94
[1] "save region:"
[1] 2613
[1] 8
[1] "save region:"
[1] 2614
[1] 175
[1] "save region:"
[1] 2615
[1] 12
[1] "save region:"
[1] 2616
[1] 33
[1] "save region:"
[1] 2617
[1] 55
[1] "save region:"
[1] 2618
[1] 74
[1] "save region:"
[1] 2619
[1] 7
[1] "save region:"
[1] 2620
[1] 58
[1] "save region:"
[1] 2621
[1] 101
[1] "save region:"
[1] 2622
[1] 25
[1] "save region:"
[1] 2623
[1] 57
[1] "save region:"
[1] 2624
[1] 20
[1] "save region:"
[1] 2625
[1] 4
[1] "save region:"
[1] 2626
[1] 15
[1] "save region:"
[1] 2627
[1] 766
[1] "save region:"
[1] 2628
[1] 7
[1] "save region:"
[1] 2629
[1] 17
[1] "save region:"
[1] 2630
[1] 7
[1] "save region:"
[1] 2631
[1] 10
[1] "save region:"
[1] 2632
[1] 32
[1] "save region:"
[1] 2633
[1] 3
[1] "save region:"
[1] 2634
[1] 4
[1] "save region:"
[1] 2635
[1] 10
[1] "save region:"
[1] 2636
[1] 19
[1] "save region:"
[1] 2637
[1] 10
[1] "save region:"
[1] 2638
[1] 29
[1] "save region:"
[1] 2639
[1] 6
[1] "save region:"
[1] 2640
[1] 58
[1] "save region:"
[1] 2641
[1] 8
[1] "save region:"
[1] 2642
[1] 7
[1] "save region:"
[1] 2643
[1] 8
[1] "save region:"
[1] 2644
[1] 27
[1] "save region:"
[1] 2645
[1] 22
[1] "save region:"
[1] 2646
[1] 28
[1] "save region:"
[1] 2647
[1] 9
[1] "save region:"
[1] 2648
[1] 256
[1] "save region:"
[1] 2649
[1] 265
[1] "save region:"
[1] 2650
[1] 64
[1] "save region:"
[1] 2651
[1] 16
[1] "save region:"
[1] 2652
[1] 470
[1] "save region:"
[1] 2653
[1] 92
[1] "save region:"
[1] 2654
[1] 2
[1] "save region:"
[1] 2655
[1] 16
[1] "save region:"
[1] 2656
[1] 293
[1] "save region:"
[1] 2657
[1] 26
[1] "save region:"
[1] 2658
[1] 3
[1] "save region:"
[1] 2659
[1] 6
[1] "save region:"
[1] 2660
[1] 2
[1] "save region:"
[1] 2661
[1] 33
[1] "save region:"
[1] 2662
[1] 99
[1] "save region:"
[1] 2663
[1] 7
[1] "save region:"
[1] 2664
[1] 6
[1] "save region:"
[1] 2665
[1] 15
[1] "save region:"
[1] 2666
[1] 2
[1] "save region:"
[1] 2667
[1] 23
[1] "save region:"
[1] 2668
[1] 34
[1] "save region:"
[1] 2669
[1] 11
[1] "save region:"
[1] 2670
[1] 35
[1] "save region:"
[1] 2671
[1] 10
[1] "save region:"
[1] 2672
[1] 44
[1] "save region:"
[1] 2673
[1] 15
[1] "save region:"
[1] 2674
[1] 10
[1] "save region:"
[1] 2675
[1] 53
[1] "save region:"
[1] 2676
[1] 40
[1] "save region:"
[1] 2677
[1] 13
[1] "save region:"
[1] 2678
[1] 43
[1] "save region:"
[1] 2679
[1] 51
[1] "save region:"
[1] 2680
[1] 72
[1] "save region:"
[1] 2681
[1] 87
[1] "save region:"
[1] 2682
[1] 33
[1] "save region:"
[1] 2683
[1] 172
[1] "save region:"
[1] 2684
[1] 135
[1] "save region:"
[1] 2685
[1] 78
[1] "save region:"
[1] 2686
[1] 29
[1] "save region:"
[1] 2687
[1] 135
[1] "save region:"
[1] 2688
[1] 223
[1] "save region:"
[1] 2689
[1] 54
[1] "save region:"
[1] 2690
[1] 27
[1] "save region:"
[1] 2691
[1] 73
[1] "save region:"
[1] 2692
[1] 374
[1] "save region:"
[1] 2693
[1] 34
[1] "save region:"
[1] 2694
[1] 722
[1] "save region:"
[1] 2695
[1] 19235
[1] "save region:"
[1] 2696
[1] 8143
[1] "save region:"
[1] 2697
[1] 1021
[1] "save region:"
[1] 2698
[1] 390
[1] "save region:"
[1] 2699
[1] 226
[1] "save region:"
[1] 2700
[1] 170
[1] "save region:"
[1] 2701
[1] 23
[1] "save region:"
[1] 2702
[1] 106
[1] "save region:"
[1] 2703
[1] 72
[1] "save region:"
[1] 2704
[1] 3
[1] "save region:"
[1] 2705
[1] 9
[1] "save region:"
[1] 2706
[1] 24
[1] "save region:"
[1] 2707
[1] 138
[1] "save region:"
[1] 2708
[1] 5
[1] "save region:"
[1] 2709
[1] 37
[1] "save region:"
[1] 2710
[1] 10
[1] "save region:"
[1] 2711
[1] 66
[1] "save region:"
[1] 2712
[1] 31
[1] "save region:"
[1] 2713
[1] 24
[1] "save region:"
[1] 2714
[1] 499
[1] "save region:"
[1] 2715
[1] 14
[1] "save region:"
[1] 2716
[1] 529
[1] "save region:"
[1] 2717
[1] 27
[1] "save region:"
[1] 2718
[1] 8
[1] "save region:"
[1] 2719
[1] 86
[1] "save region:"
[1] 2720
[1] 85
[1] "save region:"
[1] 2721
[1] 56
[1] "save region:"
[1] 2722
[1] 152
[1] "save region:"
[1] 2723
[1] 46
[1] "save region:"
[1] 2724
[1] 5
[1] "save region:"
[1] 2725
[1] 92
[1] "save region:"
[1] 2726
[1] 55
[1] "save region:"
[1] 2727
[1] 60
[1] "save region:"
[1] 2728
[1] 19
[1] "save region:"
[1] 2729
[1] 79
[1] "save region:"
[1] 2730
[1] 22
[1] "save region:"
[1] 2731
[1] 16
[1] "save region:"
[1] 2732
[1] 40
[1] "save region:"
[1] 2733
[1] 19
[1] "save region:"
[1] 2734
[1] 17
[1] "save region:"
[1] 2735
[1] 33
[1] "save region:"
[1] 2736
[1] 37
[1] "save region:"
[1] 2737
[1] 140
[1] "save region:"
[1] 2738
[1] 50
[1] "save region:"
[1] 2739
[1] 53
[1] "save region:"
[1] 2740
[1] 37
[1] "save region:"
[1] 2741
[1] 66
[1] "save region:"
[1] 2742
[1] 30
[1] "save region:"
[1] 2743
[1] 10
[1] "save region:"
[1] 2744
[1] 9
[1] "save region:"
[1] 2745
[1] 2
[1] "save region:"
[1] 2746
[1] 27
[1] "save region:"
[1] 2747
[1] 30
[1] "save region:"
[1] 2748
[1] 35
[1] "save region:"
[1] 2749
[1] 10
[1] "save region:"
[1] 2750
[1] 50
[1] "save region:"
[1] 2751
[1] 6
[1] "save region:"
[1] 2752
[1] 60
[1] "save region:"
[1] 2753
[1] 16
[1] "save region:"
[1] 2754
[1] 12
[1] "save region:"
[1] 2755
[1] 43
[1] "save region:"
[1] 2756
[1] 26
[1] "save region:"
[1] 2757
[1] 11
[1] "save region:"
[1] 2758
[1] 62
[1] "save region:"
[1] 2759
[1] 58
[1] "save region:"
[1] 2760
[1] 8
[1] "save region:"
[1] 2761
[1] 66
[1] "save region:"
[1] 2762
[1] 123
[1] "save region:"
[1] 2763
[1] 12
[1] "save region:"
[1] 2764
[1] 11
[1] "save region:"
[1] 2765
[1] 85
[1] "save region:"
[1] 2766
[1] 7
[1] "save region:"
[1] 2767
[1] 12
[1] "save region:"
[1] 2768
[1] 13
[1] "save region:"
[1] 2769
[1] 18
[1] "save region:"
[1] 2770
[1] 133
[1] "save region:"
[1] 2771
[1] 29
[1] "save region:"
[1] 2772
[1] 10
[1] "save region:"
[1] 2773
[1] 9
[1] "save region:"
[1] 2774
[1] 28
[1] "save region:"
[1] 2775
[1] 13
[1] "save region:"
[1] 2776
[1] 10
[1] "save region:"
[1] 2777
[1] 5
[1] "save region:"
[1] 2778
[1] 7
[1] "save region:"
[1] 2779
[1] 20
[1] "save region:"
[1] 2780
[1] 57
[1] "save region:"
[1] 2781
[1] 114
[1] "save region:"
[1] 2782
[1] 42
[1] "save region:"
[1] 2783
[1] 45
[1] "save region:"
[1] 2784
[1] 4
[1] "save region:"
[1] 2785
[1] 63
[1] "save region:"
[1] 2786
[1] 7
[1] "save region:"
[1] 2787
[1] 27
[1] "save region:"
[1] 2788
[1] 4
[1] "save region:"
[1] 2789
[1] 7
[1] "save region:"
[1] 2790
[1] 18
[1] "save region:"
[1] 2791
[1] 29
[1] "save region:"
[1] 2792
[1] 36
[1] "save region:"
[1] 2793
[1] 13
[1] "save region:"
[1] 2794
[1] 3
[1] "save region:"
[1] 2795
[1] 6
[1] "save region:"
[1] 2796
[1] 10
[1] "save region:"
[1] 2797
[1] 64
[1] "save region:"
[1] 2798
[1] 9
[1] "save region:"
[1] 2799
[1] 9
[1] "save region:"
[1] 2800
[1] 44
[1] "save region:"
[1] 2801
[1] 151
[1] "save region:"
[1] 2802
[1] 66
[1] "save region:"
[1] 2803
[1] 236
[1] "save region:"
[1] 2804
[1] 14
[1] "save region:"
[1] 2805
[1] 6
[1] "save region:"
[1] 2806
[1] 36
[1] "save region:"
[1] 2807
[1] 78
[1] "save region:"
[1] 2808
[1] 12
[1] "save region:"
[1] 2809
[1] 36
[1] "save region:"
[1] 2810
[1] 5
[1] "save region:"
[1] 2811
[1] 8
[1] "save region:"
[1] 2812
[1] 15
[1] "save region:"
[1] 2813
[1] 133
[1] "save region:"
[1] 2814
[1] 55
[1] "save region:"
[1] 2815
[1] 1
[1] "save region:"
[1] 2816
[1] 2
[1] "save region:"
[1] 2817
[1] 2
[1] "save region:"
[1] 2818
[1] 106
[1] "save region:"
[1] 2819
[1] 61
[1] "save region:"
[1] 2820
[1] 30
[1] "save region:"
[1] 2821
[1] 10
[1] "save region:"
[1] 2822
[1] 51
[1] "save region:"
[1] 2823
[1] 3
[1] "save region:"
[1] 2824
[1] 6
[1] "save region:"
[1] 2825
[1] 14
[1] "save region:"
[1] 2826
[1] 11
[1] "save region:"
[1] 2827
[1] 8
[1] "save region:"
[1] 2828
[1] 3
[1] "save region:"
[1] 2829
[1] 40
[1] "save region:"
[1] 2830
[1] 28
[1] "save region:"
[1] 2831
[1] 14
[1] "save region:"
[1] 2832
[1] 30
[1] "save region:"
[1] 2833
[1] 107
[1] "save region:"
[1] 2834
[1] 4
[1] "save region:"
[1] 2835
[1] 8
[1] "save region:"
[1] 2836
[1] 3
[1] "save region:"
[1] 2837
[1] 75
[1] "save region:"
[1] 2838
[1] 52
[1] "save region:"
[1] 2839
[1] 36
[1] "save region:"
[1] 2840
[1] 393
[1] "save region:"
[1] 2841
[1] 43
[1] "save region:"
[1] 2842
[1] 2
[1] "save region:"
[1] 2843
[1] 2
[1] "save region:"
[1] 2844
[1] 13
[1] "save region:"
[1] 2845
[1] 21
[1] "save region:"
[1] 2846
[1] 678
[1] "save region:"
[1] 2847
[1] 513
[1] "save region:"
[1] 2848
[1] 25
[1] "save region:"
[1] 2849
[1] 38
[1] "save region:"
[1] 2850
[1] 32
[1] "save region:"
[1] 2851
[1] 17
[1] "save region:"
[1] 2852
[1] 52
[1] "save region:"
[1] 2853
[1] 49
[1] "save region:"
[1] 2854
[1] 52
[1] "save region:"
[1] 2855
[1] 55
[1] "save region:"
[1] 2856
[1] 49
[1] "save region:"
[1] 2857
[1] 19
[1] "save region:"
[1] 2858
[1] 36
[1] "save region:"
[1] 2859
[1] 555
[1] "save region:"
[1] 2860
[1] 81
[1] "save region:"
[1] 2861
[1] 15
[1] "save region:"
[1] 2862
[1] 12
[1] "save region:"
[1] 2863
[1] 362
[1] "save region:"
[1] 2864
[1] 46
[1] "save region:"
[1] 2865
[1] 1
[1] "save region:"
[1] 2866
[1] 260
[1] "save region:"
[1] 2867
[1] 161
[1] "save region:"
[1] 2868
[1] 31
[1] "save region:"
[1] 2869
[1] 68
[1] "save region:"
[1] 2870
[1] 19
[1] "save region:"
[1] 2871
[1] 201
[1] "save region:"
[1] 2872
[1] 385
[1] "save region:"
[1] 2873
[1] 35
[1] "save region:"
[1] 2874
[1] 199
[1] "save region:"
[1] 2875
[1] 2338
[1] "save region:"
[1] 2876
[1] 13448
[1] "save region:"
[1] 2877
[1] 9
[1] "save region:"
[1] 2878
[1] 2
[1] "save region:"
[1] 2879
[1] 9
[1] "save region:"
[1] 2880
[1] 55
[1] "save region:"
[1] 2881
[1] 20
[1] "save region:"
[1] 2882
[1] 125
[1] "save region:"
[1] 2883
[1] 45
[1] "save region:"
[1] 2884
[1] 118
[1] "save region:"
[1] 2885
[1] 20
[1] "save region:"
[1] 2886
[1] 95
[1] "save region:"
[1] 2887
[1] 132
[1] "save region:"
[1] 2888
[1] 239
[1] "save region:"
[1] 2889
[1] 37
[1] "save region:"
[1] 2890
[1] 190
[1] "save region:"
[1] 2891
[1] 3
[1] "save region:"
[1] 2892
[1] 169
[1] "save region:"
[1] 2893
[1] 67
[1] "save region:"
[1] 2894
[1] 245
[1] "save region:"
[1] 2895
[1] 88
[1] "save region:"
[1] 2896
[1] 83
[1] "save region:"
[1] 2897
[1] 179
[1] "save region:"
[1] 2898
[1] 68
[1] "save region:"
[1] 2899
[1] 330
[1] "save region:"
[1] 2900
[1] 50
[1] "save region:"
[1] 2901
[1] 247
[1] "save region:"
[1] 2902
[1] 50
[1] "save region:"
[1] 2903
[1] 125
[1] "save region:"
[1] 2904
[1] 17
[1] "save region:"
[1] 2905
[1] 129
[1] "save region:"
[1] 2906
[1] 67
[1] "save region:"
[1] 2907
[1] 341
[1] "save region:"
[1] 2908
[1] 98
[1] "save region:"
[1] 2909
[1] 365
[1] "save region:"
[1] 2910
[1] 94
[1] "save region:"
[1] 2911
[1] 83
[1] "save region:"
[1] 2912
[1] 82
[1] "save region:"
[1] 2913
[1] 5
[1] "save region:"
[1] 2914
[1] 3
[1] "save region:"
[1] 2915
[1] 132
[1] "save region:"
[1] 2916
[1] 11
[1] "save region:"
[1] 2917
[1] 264
[1] "save region:"
[1] 2918
[1] 74
[1] "save region:"
[1] 2919
[1] 9
[1] "save region:"
[1] 2920
[1] 51
[1] "save region:"
[1] 2921
[1] 27
[1] "save region:"
[1] 2922
[1] 16
[1] "save region:"
[1] 2923
[1] 16
[1] "save region:"
[1] 2924
[1] 11
[1] "save region:"
[1] 2925
[1] 20
[1] "save region:"
[1] 2926
[1] 10
[1] "save region:"
[1] 2927
[1] 176
[1] "save region:"
[1] 2928
[1] 263
[1] "save region:"
[1] 2929
[1] 2
[1] "save region:"
[1] 2930
[1] 36
[1] "save region:"
[1] 2931
[1] 9
[1] "save region:"
[1] 2932
[1] 10
[1] "save region:"
[1] 2933
[1] 7
[1] "save region:"
[1] 2934
[1] 374
[1] "save region:"
[1] 2935
[1] 6
[1] "save region:"
[1] 2936
[1] 6
[1] "save region:"
[1] 2937
[1] 99
[1] "save region:"
[1] 2938
[1] 6
[1] "save region:"
[1] 2939
[1] 16
[1] "save region:"
[1] 2940
[1] 14
[1] "save region:"
[1] 2941
[1] 12
[1] "save region:"
[1] 2942
[1] 9
[1] "save region:"
[1] 2943
[1] 7
[1] "save region:"
[1] 2944
[1] 17
[1] "save region:"
[1] 2945
[1] 5
[1] "save region:"
[1] 2946
[1] 31
[1] "save region:"
[1] 2947
[1] 8
[1] "save region:"
[1] 2948
[1] 51
[1] "save region:"
[1] 2949
[1] 42
[1] "save region:"
[1] 2950
[1] 74
[1] "save region:"
[1] 2951
[1] 15
[1] "save region:"
[1] 2952
[1] 161
[1] "save region:"
[1] 2953
[1] 37
[1] "save region:"
[1] 2954
[1] 10
[1] "save region:"
[1] 2955
[1] 111
[1] "save region:"
[1] 2956
[1] 15
[1] "save region:"
[1] 2957
[1] 7
[1] "save region:"
[1] 2958
[1] 8
[1] "save region:"
[1] 2959
[1] 7
[1] "save region:"
[1] 2960
[1] 30
[1] "save region:"
[1] 2961
[1] 11
[1] "save region:"
[1] 2962
[1] 22
[1] "save region:"
[1] 2963
[1] 8
[1] "save region:"
[1] 2964
[1] 191
[1] "save region:"
[1] 2965
[1] 28
[1] "save region:"
[1] 2966
[1] 7
[1] "save region:"
[1] 2967
[1] 10
[1] "save region:"
[1] 2968
[1] 10
[1] "save region:"
[1] 2969
[1] 5
[1] "save region:"
[1] 2970
[1] 10
[1] "save region:"
[1] 2971
[1] 8
[1] "save region:"
[1] 2972
[1] 5
[1] "save region:"
[1] 2973
[1] 10
[1] "save region:"
[1] 2974
[1] 15
[1] "save region:"
[1] 2975
[1] 9
[1] "save region:"
[1] 2976
[1] 47
[1] "save region:"
[1] 2977
[1] 38
[1] "save region:"
[1] 2978
[1] 18
[1] "save region:"
[1] 2979
[1] 9
[1] "save region:"
[1] 2980
[1] 4
[1] "save region:"
[1] 2981
[1] 83
[1] "save region:"
[1] 2982
[1] 193
[1] "save region:"
[1] 2983
[1] 47
[1] "save region:"
[1] 2984
[1] 131
[1] "save region:"
[1] 2985
[1] 34
[1] "save region:"
[1] 2986
[1] 3
[1] "save region:"
[1] 2987
[1] 28
[1] "save region:"
[1] 2988
[1] 370
[1] "save region:"
[1] 2989
[1] 81
[1] "save region:"
[1] 2990
[1] 90
[1] "save region:"
[1] 2991
[1] 22
[1] "save region:"
[1] 2992
[1] 38
[1] "save region:"
[1] 2993
[1] 36
[1] "save region:"
[1] 2994
[1] 53
[1] "save region:"
[1] 2995
[1] 11
[1] "save region:"
[1] 2996
[1] 75
[1] "save region:"
[1] 2997
[1] 36
[1] "save region:"
[1] 2998
[1] 15
[1] "save region:"
[1] 2999
[1] 9
[1] "save region:"
[1] 3000
[1] 380
[1] "save region:"
[1] 3001
[1] 9
[1] "save region:"
[1] 3002
[1] 140
[1] "save region:"
[1] 3003
[1] 21
[1] "save region:"
[1] 3004
[1] 38
[1] "save region:"
[1] 3005
[1] 6
[1] "save region:"
[1] 3006
[1] 17
[1] "save region:"
[1] 3007
[1] 5
[1] "save region:"
[1] 3008
[1] 3
[1] "save region:"
[1] 3009
[1] 25
[1] "save region:"
[1] 3010
[1] 29
[1] "save region:"
[1] 3011
[1] 41
[1] "save region:"
[1] 3012
[1] 8
[1] "save region:"
[1] 3013
[1] 38
[1] "save region:"
[1] 3014
[1] 45
[1] "save region:"
[1] 3015
[1] 12
[1] "save region:"
[1] 3016
[1] 11
[1] "save region:"
[1] 3017
[1] 41
[1] "save region:"
[1] 3018
[1] 1
[1] "save region:"
[1] 3019
[1] 7
[1] "save region:"
[1] 3020
[1] 62
[1] "save region:"
[1] 3021
[1] 51
[1] "save region:"
[1] 3022
[1] 55
[1] "save region:"
[1] 3023
[1] 287
[1] "save region:"
[1] 3024
[1] 102
[1] "save region:"
[1] 3025
[1] 46
[1] "save region:"
[1] 3026
[1] 8
[1] "save region:"
[1] 3027
[1] 1
[1] "save region:"
[1] 3028
[1] 31
[1] "save region:"
[1] 3029
[1] 39
[1] "save region:"
[1] 3030
[1] 18
[1] "save region:"
[1] 3031
[1] 9
[1] "save region:"
[1] 3032
[1] 24
[1] "save region:"
[1] 3033
[1] 36
[1] "save region:"
[1] 3034
[1] 8
[1] "save region:"
[1] 3035
[1] 1
[1] "save region:"
[1] 3036
[1] 7
[1] "save region:"
[1] 3037
[1] 14
[1] "save region:"
[1] 3038
[1] 10
[1] "save region:"
[1] 3039
[1] 69
[1] "save region:"
[1] 3040
[1] 3
[1] "save region:"
[1] 3041
[1] 80
[1] "save region:"
[1] 3042
[1] 38
[1] "save region:"
[1] 3043
[1] 37
[1] "save region:"
[1] 3044
[1] 5
[1] "save region:"
[1] 3045
[1] 65
[1] "save region:"
[1] 3046
[1] 24
[1] "save region:"
[1] 3047
[1] 10
[1] "save region:"
[1] 3048
[1] 9
[1] "save region:"
[1] 3049
[1] 24
[1] "save region:"
[1] 3050
[1] 8
[1] "save region:"
[1] 3051
[1] 8
[1] "save region:"
[1] 3052
[1] 9
[1] "save region:"
[1] 3053
[1] 92
[1] "save region:"
[1] 3054
[1] 10
[1] "save region:"
[1] 3055
[1] 45
[1] "save region:"
[1] 3056
[1] 2
[1] "save region:"
[1] 3057
[1] 8
[1] "save region:"
[1] 3058
[1] 11
[1] "save region:"
[1] 3059
[1] 32
[1] "save region:"
[1] 3060
[1] 2
[1] "save region:"
[1] 3061
[1] 14
[1] "save region:"
[1] 3062
[1] 11
[1] "save region:"
[1] 3063
[1] 5
[1] "save region:"
[1] 3064
[1] 183
[1] "save region:"
[1] 3065
[1] 21
[1] "save region:"
[1] 3066
[1] 58
[1] "save region:"
[1] 3067
[1] 4
[1] "save region:"
[1] 3068
[1] 75
[1] "save region:"
[1] 3069
[1] 32
[1] "save region:"
[1] 3070
[1] 47
[1] "save region:"
[1] 3071
[1] 21
[1] "save region:"
[1] 3072
[1] 7
[1] "save region:"
[1] 3073
[1] 14
[1] "save region:"
[1] 3074
[1] 21
[1] "save region:"
[1] 3075
[1] 5
[1] "save region:"
[1] 3076
[1] 20
[1] "save region:"
[1] 3077
[1] 63
[1] "save region:"
[1] 3078
[1] 33
[1] "save region:"
[1] 3079
[1] 120
[1] "save region:"
[1] 3080
[1] 8
[1] "save region:"
[1] 3081
[1] 24
[1] "save region:"
[1] 3082
[1] 14
[1] "save region:"
[1] 3083
[1] 10
[1] "save region:"
[1] 3084
[1] 33
[1] "save region:"
[1] 3085
[1] 59
[1] "save region:"
[1] 3086
[1] 236
[1] "save region:"
[1] 3087
[1] 4
[1] "save region:"
[1] 3088
[1] 39
[1] "save region:"
[1] 3089
[1] 2
[1] "save region:"
[1] 3090
[1] 6
[1] "save region:"
[1] 3091
[1] 10
[1] "save region:"
[1] 3092
[1] 136
[1] "save region:"
[1] 3093
[1] 33
[1] "save region:"
[1] 3094
[1] 10
[1] "save region:"
[1] 3095
[1] 18
[1] "save region:"
[1] 3096
[1] 28
[1] "save region:"
[1] 3097
[1] 30
[1] "save region:"
[1] 3098
[1] 40
[1] "save region:"
[1] 3099
[1] 11
[1] "save region:"
[1] 3100
[1] 54
[1] "save region:"
[1] 3101
[1] 33
[1] "save region:"
[1] 3102
[1] 179
[1] "save region:"
[1] 3103
[1] 14
[1] "save region:"
[1] 3104
[1] 60
[1] "save region:"
[1] 3105
[1] 20
[1] "save region:"
[1] 3106
[1] 23
[1] "save region:"
[1] 3107
[1] 65
[1] "save region:"
[1] 3108
[1] 70
[1] "save region:"
[1] 3109
[1] 34
[1] "save region:"
[1] 3110
[1] 69
[1] "save region:"
[1] 3111
[1] 31
[1] "save region:"
[1] 3112
[1] 66
[1] "save region:"
[1] 3113
[1] 59
[1] "save region:"
[1] 3114
[1] 13
[1] "save region:"
[1] 3115
[1] 7
[1] "save region:"
[1] 3116
[1] 23
[1] "save region:"
[1] 3117
[1] 100
[1] "save region:"
[1] 3118
[1] 7
[1] "save region:"
[1] 3119
[1] 14
[1] "save region:"
[1] 3120
[1] 7
[1] "save region:"
[1] 3121
[1] 55
[1] "save region:"
[1] 3122
[1] 24
[1] "save region:"
[1] 3123
[1] 13
[1] "save region:"
[1] 3124
[1] 27
[1] "save region:"
[1] 3125
[1] 52
[1] "save region:"
[1] 3126
[1] 24
[1] "save region:"
[1] 3127
[1] 19
[1] "save region:"
[1] 3128
[1] 16
[1] "save region:"
[1] 3129
[1] 7
[1] "save region:"
[1] 3130
[1] 65
[1] "save region:"
[1] 3131
[1] 3
[1] "save region:"
[1] 3132
[1] 4
[1] "save region:"
[1] 3133
[1] 4
[1] "save region:"
[1] 3134
[1] 5
[1] "save region:"
[1] 3135
[1] 339
[1] "save region:"
[1] 3136
[1] 274
[1] "save region:"
[1] 3137
[1] 78
[1] "save region:"
[1] 3138
[1] 166
[1] "save region:"
[1] 3139
[1] 39
[1] "save region:"
[1] 3140
[1] 75
[1] "save region:"
[1] 3141
[1] 5
[1] "save region:"
[1] 3142
[1] 160
[1] "save region:"
[1] 3143
[1] 8
[1] "save region:"
[1] 3144
[1] 68
[1] "save region:"
[1] 3145
[1] 18
[1] "save region:"
[1] 3146
[1] 3
[1] "save region:"
[1] 3147
[1] 1
[1] "save region:"
[1] 3148
[1] 63
[1] "save region:"
[1] 3149
[1] 104
[1] "save region:"
[1] 3150
[1] 35
[1] "save region:"
[1] 3151
[1] 45
[1] "save region:"
[1] 3152
[1] 8
[1] "save region:"
[1] 3153
[1] 6
[1] "save region:"
[1] 3154
[1] 82
[1] "save region:"
[1] 3155
[1] 8
[1] "save region:"
[1] 3156
[1] 2
[1] "save region:"
[1] 3157
[1] 3
[1] "save region:"
[1] 3158
[1] 58
[1] "save region:"
[1] 3159
[1] 5
[1] "save region:"
[1] 3160
[1] 5
[1] "save region:"
[1] 3161
[1] 76
[1] "save region:"
[1] 3162
[1] 3
[1] "save region:"
[1] 3163
[1] 10
[1] "save region:"
[1] 3164
[1] 7
[1] "save region:"
[1] 3165
[1] 120
[1] "save region:"
[1] 3166
[1] 19
[1] "save region:"
[1] 3167
[1] 10
[1] "save region:"
[1] 3168
[1] 9
[1] "save region:"
[1] 3169
[1] 3
[1] "save region:"
[1] 3170
[1] 92
[1] "save region:"
[1] 3171
[1] 44
[1] "save region:"
[1] 3172
[1] 9
[1] "save region:"
[1] 3173
[1] 43
[1] "save region:"
[1] 3174
[1] 46
[1] "save region:"
[1] 3175
[1] 33
[1] "save region:"
[1] 3176
[1] 36
[1] "save region:"
[1] 3177
[1] 11
[1] "save region:"
[1] 3178
[1] 73
[1] "save region:"
[1] 3179
[1] 12
[1] "save region:"
[1] 3180
[1] 67
[1] "save region:"
[1] 3181
[1] 34
[1] "save region:"
[1] 3182
[1] 51
[1] "save region:"
[1] 3183
[1] 28
[1] "save region:"
[1] 3184
[1] 18
[1] "save region:"
[1] 3185
[1] 59
[1] "save region:"
[1] 3186
[1] 143
[1] "save region:"
[1] 3187
[1] 66
[1] "save region:"
[1] 3188
[1] 82
[1] "save region:"
[1] 3189
[1] 50
[1] "save region:"
[1] 3190
[1] 22
[1] "save region:"
[1] 3191
[1] 69
[1] "save region:"
[1] 3192
[1] 59
[1] "save region:"
[1] 3193
[1] 210
[1] "save region:"
[1] 3194
[1] 122
[1] "save region:"
[1] 3195
[1] 117
[1] "save region:"
[1] 3196
[1] 318
[1] "save region:"
[1] 3197
[1] 4
[1] "save region:"
[1] 3198
[1] 64
[1] "save region:"
[1] 3199
[1] 23
[1] "save region:"
[1] 3200
[1] 11159
[1] "save region:"
[1] 3201
[1] 92
[1] "save region:"
[1] 3202
[1] 302
[1] "save region:"
[1] 3203
[1] 466
[1] "save region:"
[1] 3204
[1] 33
[1] "save region:"
[1] 3205
[1] 49
[1] "save region:"
[1] 3206
[1] 135
[1] "save region:"
[1] 3207
[1] 46
[1] "save region:"
[1] 3208
[1] 183
[1] "save region:"
[1] 3209
[1] 52
[1] "save region:"
[1] 3210
[1] 48
[1] "save region:"
[1] 3211
[1] 83
[1] "save region:"
[1] 3212
[1] 137
[1] "save region:"
[1] 3213
[1] 76
[1] "save region:"
[1] 3214
[1] 100
[1] "save region:"
[1] 3215
[1] 473
[1] "save region:"
[1] 3216
[1] 518
[1] "save region:"
[1] 3217
[1] 48
[1] "save region:"
[1] 3218
[1] 71
[1] "save region:"
[1] 3219
[1] 222
[1] "save region:"
[1] 3220
[1] 52
[1] "save region:"
[1] 3221
[1] 185
[1] "save region:"
[1] 3222
[1] 50
[1] "save region:"
[1] 3223
[1] 164
[1] "save region:"
[1] 3224
[1] 92
[1] "save region:"
[1] 3225
[1] 782
[1] "save region:"
[1] 3226
[1] 308
[1] "save region:"
[1] 3227
[1] 57
[1] "save region:"
[1] 3228
[1] 59
[1] "save region:"
[1] 3229
[1] 44
[1] "save region:"
[1] 3230
[1] 56
[1] "save region:"
[1] 3231
[1] 149
[1] "save region:"
[1] 3232
[1] 121
[1] "save region:"
[1] 3233
[1] 47
[1] "save region:"
[1] 3234
[1] 108
[1] "save region:"
[1] 3235
[1] 107
[1] "save region:"
[1] 3236
[1] 9
[1] "save region:"
[1] 3237
[1] 51
[1] "save region:"
[1] 3238
[1] 44
[1] "save region:"
[1] 3239
[1] 5611
[1] "save region:"
[1] 3240
[1] 7472
[1] "save region:"
[1] 3241
[1] 8
[1] "save region:"
[1] 3242
[1] 31
[1] "save region:"
[1] 3243
[1] 8
[1] "save region:"
[1] 3244
[1] 5
[1] "save region:"
[1] 3245
[1] 3
[1] "save region:"
[1] 3246
[1] 6
[1] "save region:"
[1] 3247
[1] 13
[1] "save region:"
[1] 3248
[1] 10
[1] "save region:"
[1] 3249
[1] 3
[1] "save region:"
[1] 3250
[1] 29
[1] "save region:"
[1] 3251
[1] 38
[1] "save region:"
[1] 3252
[1] 29
[1] "save region:"
[1] 3253
[1] 40
[1] "save region:"
[1] 3254
[1] 7
[1] "save region:"
[1] 3255
[1] 46
[1] "save region:"
[1] 3256
[1] 59
[1] "save region:"
[1] 3257
[1] 61
[1] "save region:"
[1] 3258
[1] 17
[1] "save region:"
[1] 3259
[1] 7
[1] "save region:"
[1] 3260
[1] 25
[1] "save region:"
[1] 3261
[1] 22
[1] "save region:"
[1] 3262
[1] 13
[1] "save region:"
[1] 3263
[1] 93
[1] "save region:"
[1] 3264
[1] 3
[1] "save region:"
[1] 3265
[1] 12
[1] "save region:"
[1] 3266
[1] 40
[1] "save region:"
[1] 3267
[1] 64
[1] "save region:"
[1] 3268
[1] 24
[1] "save region:"
[1] 3269
[1] 25
[1] "save region:"
[1] 3270
[1] 4
[1] "save region:"
[1] 3271
[1] 28
[1] "save region:"
[1] 3272
[1] 261
[1] "save region:"
[1] 3273
[1] 12
[1] "save region:"
[1] 3274
[1] 7
[1] "save region:"
[1] 3275
[1] 13
[1] "save region:"
[1] 3276
[1] 13
[1] "save region:"
[1] 3277
[1] 11
[1] "save region:"
[1] 3278
[1] 62
[1] "save region:"
[1] 3279
[1] 76
[1] "save region:"
[1] 3280
[1] 99
[1] "save region:"
[1] 3281
[1] 91
[1] "save region:"
[1] 3282
[1] 314
[1] "save region:"
[1] 3283
[1] 63
[1] "save region:"
[1] 3284
[1] 70
[1] "save region:"
[1] 3285
[1] 112
[1] "save region:"
[1] 3286
[1] 9
[1] "save region:"
[1] 3287
[1] 6
[1] "save region:"
[1] 3288
[1] 10
[1] "save region:"
[1] 3289
[1] 44
[1] "save region:"
[1] 3290
[1] 60
[1] "save region:"
[1] 3291
[1] 13
[1] "save region:"
[1] 3292
[1] 24
[1] "save region:"
[1] 3293
[1] 43
[1] "save region:"
[1] 3294
[1] 38
[1] "save region:"
[1] 3295
[1] 899
[1] "save region:"
[1] 3296
[1] 145
[1] "save region:"
[1] 3297
[1] 77
[1] "save region:"
[1] 3298
[1] 23
[1] "save region:"
[1] 3299
[1] 21
[1] "save region:"
[1] 3300
[1] 118
[1] "save region:"
[1] 3301
[1] 12
[1] "save region:"
[1] 3302
[1] 16
[1] "save region:"
[1] 3303
[1] 29
[1] "save region:"
[1] 3304
[1] 5
[1] "save region:"
[1] 3305
[1] 17
[1] "save region:"
[1] 3306
[1] 42
[1] "save region:"
[1] 3307
[1] 2
[1] "save region:"
[1] 3308
[1] 9
[1] "save region:"
[1] 3309
[1] 15
[1] "save region:"
[1] 3310
[1] 7
[1] "save region:"
[1] 3311
[1] 24
[1] "save region:"
[1] 3312
[1] 119
[1] "save region:"
[1] 3313
[1] 52
[1] "save region:"
[1] 3314
[1] 121
[1] "save region:"
[1] 3315
[1] 39
[1] "save region:"
[1] 3316
[1] 70
[1] "save region:"
[1] 3317
[1] 61
[1] "save region:"
[1] 3318
[1] 20
[1] "save region:"
[1] 3319
[1] 80
[1] "save region:"
[1] 3320
[1] 21
[1] "save region:"
[1] 3321
[1] 206
[1] "save region:"
[1] 3322
[1] 655
[1] "save region:"
[1] 3323
[1] 46
[1] "save region:"
[1] 3324
[1] 7206
[1] "save region:"
[1] 3325
[1] 139
[1] "save region:"
[1] 3326
[1] 161
[1] "save region:"
[1] 3327
[1] 58
[1] "save region:"
[1] 3328
[1] 12017
[1] "save region:"
[1] 3329
[1] 181
[1] "save region:"
[1] 3330
[1] 200
[1] "save region:"
[1] 3331
[1] 90
[1] "save region:"
[1] 3332
[1] 542
[1] "save region:"
[1] 3333
[1] 85
[1] "save region:"
[1] 3334
[1] 13
[1] "save region:"
[1] 3335
[1] 19
[1] "save region:"
[1] 3336
[1] 10
[1] "save region:"
[1] 3337
[1] 39
[1] "save region:"
[1] 3338
[1] 91
[1] "save region:"
[1] 3339
[1] 8
[1] "save region:"
[1] 3340
[1] 55
[1] "save region:"
[1] 3341
[1] 44
[1] "save region:"
[1] 3342
[1] 58
[1] "save region:"
[1] 3343
[1] 2
[1] "save region:"
[1] 3344
[1] 7
[1] "save region:"
[1] 3345
[1] 51
[1] "save region:"
[1] 3346
[1] 8
[1] "save region:"
[1] 3347
[1] 7
[1] "save region:"
[1] 3348
[1] 111
[1] "save region:"
[1] 3349
[1] 42
[1] "save region:"
[1] 3350
[1] 20
[1] "save region:"
[1] 3351
[1] 11
[1] "save region:"
[1] 3352
[1] 132
[1] "save region:"
[1] 3353
[1] 45
[1] "save region:"
[1] 3354
[1] 81
[1] "save region:"
[1] 3355
[1] 13
[1] "save region:"
[1] 3356
[1] 20
[1] "save region:"
[1] 3357
[1] 85
[1] "save region:"
[1] 3358
[1] 6
[1] "save region:"
[1] 3359
[1] 71
[1] "save region:"
[1] 3360
[1] 5
[1] "save region:"
[1] 3361
[1] 137
[1] "save region:"
[1] 3362
[1] 23
[1] "save region:"
[1] 3363
[1] 176
[1] "save region:"
[1] 3364
[1] 97
[1] "save region:"
[1] 3365
[1] 80
[1] "save region:"
[1] 3366
[1] 98
[1] "save region:"
[1] 3367
[1] 67
[1] "save region:"
[1] 3368
[1] 21
[1] "save region:"
[1] 3369
[1] 40
[1] "save region:"
[1] 3370
[1] 37
[1] "save region:"
[1] 3371
[1] 154
[1] "save region:"
[1] 3372
[1] 163
[1] "save region:"
[1] 3373
[1] 347
[1] "save region:"
[1] 3374
[1] 96
[1] "save region:"
[1] 3375
[1] 95
[1] "save region:"
[1] 3376
[1] 77
[1] "save region:"
[1] 3377
[1] 52
[1] "save region:"
[1] 3378
[1] 5894
[1] "save region:"
[1] 3379
[1] 526
[1] "save region:"
[1] 3380
[1] 518
[1] "save region:"
[1] 3381
[1] 117
[1] "save region:"
[1] 3382
[1] 2
[1] "save region:"
[1] 3383
[1] 703
[1] "save region:"
[1] 3384
[1] 117
[1] "save region:"
[1] 3385
[1] 718
[1] "save region:"
[1] 3386
[1] 335
[1] "save region:"
[1] 3387
[1] 88
[1] "save region:"
[1] 3388
[1] 37
[1] "save region:"
[1] 3389
[1] 101
[1] "save region:"
[1] 3390
[1] 25
[1] "save region:"
[1] 3391
[1] 86
[1] "save region:"
[1] 3392
[1] 212
[1] "save region:"
[1] 3393
[1] 25
[1] "save region:"
[1] 3394
[1] 409
[1] "save region:"
[1] 3395
[1] 97
[1] "save region:"
[1] 3396
[1] 2510
[1] "save region:"
[1] 3397
[1] 83
[1] "save region:"
[1] 3398
[1] 20
[1] "save region:"
[1] 3399
[1] 79
[1] "save region:"
[1] 3400
[1] 22
[1] "save region:"
[1] 3401
[1] 106
[1] "save region:"
[1] 3402
[1] 184
[1] "save region:"
[1] 3403
[1] 142
[1] "save region:"
[1] 3404
[1] 93
[1] "save region:"
[1] 3405
[1] 268
[1] "save region:"
[1] 3406
[1] 88
[1] "save region:"
[1] 3407
[1] 11
[1] "save region:"
[1] 3408
[1] 48
[1] "save region:"
[1] 3409
[1] 47
[1] "save region:"
[1] 3410
[1] 18
[1] "save region:"
[1] 3411
[1] 127
[1] "save region:"
[1] 3412
[1] 70
[1] "save region:"
[1] 3413
[1] 44
[1] "save region:"
[1] 3414
[1] 61
[1] "save region:"
[1] 3415
[1] 121
[1] "save region:"
[1] 3416
[1] 87
[1] "save region:"
[1] 3417
[1] 72
[1] "save region:"
[1] 3418
[1] 43
[1] "save region:"
[1] 3419
[1] 204
[1] "save region:"
[1] 3420
[1] 66
[1] "save region:"
[1] 3421
[1] 131
[1] "save region:"
[1] 3422
[1] 1111
[1] "save region:"
[1] 3423
[1] 102
[1] "save region:"
[1] 3424
[1] 1557
[1] "save region:"
[1] 3425
[1] 10376
[1] "save region:"
[1] 3426
[1] 285
[1] "save region:"
[1] 3427
[1] 35
[1] "save region:"
[1] 3428
[1] 2468
[1] "save region:"
[1] 3429
[1] 125
[1] "save region:"
[1] 3430
[1] 57
[1] "save region:"
[1] 3431
[1] 187
[1] "save region:"
[1] 3432
[1] 35
[1] "save region:"
[1] 3433
[1] 205
[1] "save region:"
[1] 3434
[1] 220
[1] "save region:"
[1] 3435
[1] 93
[1] "save region:"
[1] 3436
[1] 271
[1] "save region:"
[1] 3437
[1] 391
[1] "save region:"
[1] 3438
[1] 65
[1] "save region:"
[1] 3439
[1] 832
[1] "save region:"
[1] 3440
[1] 323
[1] "save region:"
[1] 3441
[1] 1176
[1] "save region:"
[1] 3442
[1] 11
[1] "save region:"
[1] 3443
[1] 7
[1] "save region:"
[1] 3444
[1] 3
[1] "save region:"
[1] 3445
[1] 29
[1] "save region:"
[1] 3446
[1] 97
[1] "save region:"
[1] 3447
[1] 6
[1] "save region:"
[1] 3448
[1] 30
[1] "save region:"
[1] 3449
[1] 1061
[1] "save region:"
[1] 3450
[1] 440
[1] "save region:"
[1] 3451
[1] 1008
[1] "save region:"
[1] 3452
[1] 8
[1] "save region:"
[1] 3453
[1] 7
[1] "save region:"
[1] 3454
[1] 6
[1] "save region:"
[1] 3455
[1] 10
[1] "save region:"
[1] 3456
[1] 1151
[1] "save region:"
[1] 3457
[1] 934
[1] "save region:"
[1] 3458
[1] 7
[1] "save region:"
[1] 3459
[1] 36
[1] "save region:"
[1] 3460
[1] 279
[1] "save region:"
[1] 3461
[1] 3
[1] "save region:"
[1] 3462
[1] 29
[1] "save region:"
[1] 3463
[1] 197
[1] "save region:"
[1] 3464
[1] 29
[1] "save region:"
[1] 3465
[1] 465
[1] "save region:"
[1] 3466
[1] 21
[1] "save region:"
[1] 3467
[1] 2
[1] "save region:"
[1] 3468
[1] 46
[1] "save region:"
[1] 3469
[1] 8
[1] "save region:"
[1] 3470
[1] 38
[1] "save region:"
[1] 3471
[1] 1
[1] "save region:"
[1] 3472
[1] 12
[1] "save region:"
[1] 3473
[1] 14
[1] "save region:"
[1] 3474
[1] 7
[1] "save region:"
[1] 3475
[1] 14
[1] "save region:"
[1] 3476
[1] 7
[1] "save region:"
[1] 3477
[1] 3
[1] "save region:"
[1] 3478
[1] 29
[1] "save region:"
[1] 3479
[1] 13
[1] "save region:"
[1] 3480
[1] 10
[1] "save region:"
[1] 3481
[1] 31
[1] "save region:"
[1] 3482
[1] 33
[1] "save region:"
[1] 3483
[1] 141
[1] "save region:"
[1] 3484
[1] 67
[1] "save region:"
[1] 3485
[1] 6
[1] "save region:"
[1] 3486
[1] 37
[1] "save region:"
[1] 3487
[1] 28
[1] "save region:"
[1] 3488
[1] 8
[1] "save region:"
[1] 3489
[1] 5
[1] "save region:"
[1] 3490
[1] 81
[1] "save region:"
[1] 3491
[1] 7
[1] "save region:"
[1] 3492
[1] 7
[1] "save region:"
[1] 3493
[1] 25
[1] "save region:"
[1] 3494
[1] 2
[1] "save region:"
[1] 3495
[1] 73
[1] "save region:"
[1] 3496
[1] 1
[1] "save region:"
[1] 3497
[1] 33
[1] "save region:"
[1] 3498
[1] 7
[1] "save region:"
[1] 3499
[1] 19
[1] "save region:"
[1] 3500
[1] 83
[1] "save region:"
[1] 3501
[1] 116
[1] "save region:"
[1] 3502
[1] 9
[1] "save region:"
[1] 3503
[1] 19
[1] "save region:"
[1] 3504
[1] 2
[1] "save region:"
[1] 3505
[1] 5
[1] "save region:"
[1] 3506
[1] 11
[1] "save region:"
[1] 3507
[1] 6
[1] "save region:"
[1] 3508
[1] 2
[1] "save region:"
[1] 3509
[1] 9
[1] "save region:"
[1] 3510
[1] 51
[1] "save region:"
[1] 3511
[1] 5
[1] "save region:"
[1] 3512
[1] 171
[1] "save region:"
[1] 3513
[1] 56
[1] "save region:"
[1] 3514
[1] 11
[1] "save region:"
[1] 3515
[1] 3
[1] "save region:"
[1] 3516
[1] 8
[1] "save region:"
[1] 3517
[1] 10
[1] "save region:"
[1] 3518
[1] 8
[1] "save region:"
[1] 3519
[1] 10
[1] "save region:"
[1] 3520
[1] 3
[1] "save region:"
[1] 3521
[1] 8
[1] "save region:"
[1] 3522
[1] 19
[1] "save region:"
[1] 3523
[1] 5
[1] "save region:"
[1] 3524
[1] 5
[1] "save region:"
[1] 3525
[1] 679
[1] "save region:"
[1] 3526
[1] 96
[1] "save region:"
[1] 3527
[1] 91
[1] "save region:"
[1] 3528
[1] 52
[1] "save region:"
[1] 3529
[1] 28
[1] "save region:"
[1] 3530
[1] 103
[1] "save region:"
[1] 3531
[1] 16
[1] "save region:"
[1] 3532
[1] 163
[1] "save region:"
[1] 3533
[1] 249
[1] "save region:"
[1] 3534
[1] 9
[1] "save region:"
[1] 3535
[1] 58
[1] "save region:"
[1] 3536
[1] 15
[1] "save region:"
[1] 3537
[1] 14
[1] "save region:"
[1] 3538
[1] 112
[1] "save region:"
[1] 3539
[1] 19
[1] "save region:"
[1] 3540
[1] 116
[1] "save region:"
[1] 3541
[1] 45
[1] "save region:"
[1] 3542
[1] 4
[1] "save region:"
[1] 3543
[1] 743
[1] "save region:"
[1] 3544
[1] 195
[1] "save region:"
[1] 3545
[1] 40
[1] "save region:"
[1] 3546
[1] 15
[1] "save region:"
[1] 3547
[1] 11
[1] "save region:"
[1] 3548
[1] 3
[1] "save region:"
[1] 3549
[1] 8
[1] "save region:"
[1] 3550
[1] 6
[1] "save region:"
[1] 3551
[1] 14
[1] "save region:"
[1] 3552
[1] 18
[1] "save region:"
[1] 3553
[1] 8
[1] "save region:"
[1] 3554
[1] 87
[1] "save region:"
[1] 3555
[1] 855
[1] "save region:"
[1] 3556
[1] 77
[1] "save region:"
[1] 3557
[1] 38
[1] "save region:"
[1] 3558
[1] 52
[1] "save region:"
[1] 3559
[1] 28
[1] "save region:"
[1] 3560
[1] 7
[1] "save region:"
[1] 3561
[1] 18
[1] "save region:"
[1] 3562
[1] 245
[1] "save region:"
[1] 3563
[1] 104
[1] "save region:"
[1] 3564
[1] 6
[1] "save region:"
[1] 3565
[1] 5
[1] "save region:"
[1] 3566
[1] 76
[1] "save region:"
[1] 3567
[1] 14
[1] "save region:"
[1] 3568
[1] 4
[1] "save region:"
[1] 3569
[1] 156
[1] "save region:"
[1] 3570
[1] 113
[1] "save region:"
[1] 3571
[1] 227
[1] "save region:"
[1] 3572
[1] 31
[1] "save region:"
[1] 3573
[1] 85
[1] "save region:"
[1] 3574
[1] 61
[1] "save region:"
[1] 3575
[1] 12
[1] "save region:"
[1] 3576
[1] 33
[1] "save region:"
[1] 3577
[1] 1704
[1] "save region:"
[1] 3578
[1] 2
[1] "save region:"
[1] 3579
[1] 11
[1] "save region:"
[1] 3580
[1] 61
[1] "save region:"
[1] 3581
[1] 3
[1] "save region:"
[1] 3582
[1] 8
[1] "save region:"
[1] 3583
[1] 41
[1] "save region:"
[1] 3584
[1] 63
[1] "save region:"
[1] 3585
[1] 10
[1] "save region:"
[1] 3586
[1] 62
[1] "save region:"
[1] 3587
[1] 62
[1] "save region:"
[1] 3588
[1] 159
[1] "save region:"
[1] 3589
[1] 27
[1] "save region:"
[1] 3590
[1] 12
[1] "save region:"
[1] 3591
[1] 39
[1] "save region:"
[1] 3592
[1] 15
[1] "save region:"
[1] 3593
[1] 16
[1] "save region:"
[1] 3594
[1] 12
[1] "save region:"
[1] 3595
[1] 9
[1] "save region:"
[1] 3596
[1] 288
[1] "save region:"
[1] 3597
[1] 35
[1] "save region:"
[1] 3598
[1] 33
[1] "save region:"
[1] 3599
[1] 17
[1] "save region:"
[1] 3600
[1] 28
[1] "save region:"
[1] 3601
[1] 111
[1] "save region:"
[1] 3602
[1] 221
[1] "save region:"
[1] 3603
[1] 25
[1] "save region:"
[1] 3604
[1] 509
[1] "save region:"
[1] 3605
[1] 974
[1] "save region:"
[1] 3606
[1] 64
[1] "save region:"
[1] 3607
[1] 602
[1] "save region:"
[1] 3608
[1] 446
[1] "save region:"
[1] 3609
[1] 44
[1] "save region:"
[1] 3610
[1] 59
[1] "save region:"
[1] 3611
[1] 8
[1] "save region:"
[1] 3612
[1] 22
[1] "save region:"
[1] 3613
[1] 426
[1] "save region:"
[1] 3614
[1] 9
[1] "save region:"
[1] 3615
[1] 275
[1] "save region:"
[1] 3616
[1] 77
[1] "save region:"
[1] 3617
[1] 87
[1] "save region:"
[1] 3618
[1] 76
[1] "save region:"
[1] 3619
[1] 352
[1] "save region:"
[1] 3620
[1] 1
[1] "save region:"
[1] 3621
[1] 563
[1] "save region:"
[1] 3622
[1] 575
[1] "save region:"
[1] 3623
[1] 12
[1] "save region:"
[1] 3624
[1] 114
[1] "save region:"
[1] 3625
[1] 314
[1] "save region:"
[1] 3626
[1] 23
[1] "save region:"
[1] 3627
[1] 3
[1] "save region:"
[1] 3628
[1] 72
[1] "save region:"
[1] 3629
[1] 12
[1] "save region:"
[1] 3630
[1] 5
[1] "save region:"
[1] 3631
[1] 88
[1] "save region:"
[1] 3632
[1] 9
[1] "save region:"
[1] 3633
[1] 43
[1] "save region:"
[1] 3634
[1] 57
[1] "save region:"
[1] 3635
[1] 55
[1] "save region:"
[1] 3636
[1] 9
[1] "save region:"
[1] 3637
[1] 98
[1] "save region:"
[1] 3638
[1] 103
[1] "save region:"
[1] 3639
[1] 93
[1] "save region:"
[1] 3640
[1] 62
[1] "save region:"
[1] 3641
[1] 5
[1] "save region:"
[1] 3642
[1] 33
[1] "save region:"
[1] 3643
[1] 43
[1] "save region:"
[1] 3644
[1] 9
[1] "save region:"
[1] 3645
[1] 329
[1] "save region:"
[1] 3646
[1] 63
[1] "save region:"
[1] 3647
[1] 193
[1] "save region:"
[1] 3648
[1] 5
[1] "save region:"
[1] 3649
[1] 184
[1] "save region:"
[1] 3650
[1] 1
[1] "save region:"
[1] 3651
[1] 71
[1] "save region:"
[1] 3652
[1] 106
[1] "save region:"
[1] 3653
[1] 29
[1] "save region:"
[1] 3654
[1] 39
[1] "save region:"
[1] 3655
[1] 23
[1] "save region:"
[1] 3656
[1] 24
[1] "save region:"
[1] 3657
[1] 48
[1] "save region:"
[1] 3658
[1] 305
[1] "save region:"
[1] 3659
[1] 133
[1] "save region:"
[1] 3660
[1] 48
[1] "save region:"
[1] 3661
[1] 121
[1] "save region:"
[1] 3662
[1] 75
[1] "save region:"
[1] 3663
[1] 21
[1] "save region:"
[1] 3664
[1] 115
[1] "save region:"
[1] 3665
[1] 22
[1] "save region:"
[1] 3666
[1] 44
[1] "save region:"
[1] 3667
[1] 657
[1] "save region:"
[1] 3668
[1] 2137
[1] "save region:"
[1] 3669
[1] 10
[1] "save region:"
[1] 3670
[1] 1
[1] "save region:"
[1] 3671
[1] 44
[1] "save region:"
[1] 3672
[1] 58
[1] "save region:"
[1] 3673
[1] 195
[1] "save region:"
[1] 3674
[1] 453
[1] "save region:"
[1] 3675
[1] 14
[1] "save region:"
[1] 3676
[1] 4
[1] "save region:"
[1] 3677
[1] 98
[1] "save region:"
[1] 3678
[1] 37
[1] "save region:"
[1] 3679
[1] 7
[1] "save region:"
[1] 3680
[1] 11
[1] "save region:"
[1] 3681
[1] 82
[1] "save region:"
[1] 3682
[1] 42
[1] "save region:"
[1] 3683
[1] 3
[1] "save region:"
[1] 3684
[1] 68
[1] "save region:"
[1] 3685
[1] 5
[1] "save region:"
[1] 3686
[1] 84
[1] "save region:"
[1] 3687
[1] 32
[1] "save region:"
[1] 3688
[1] 53
[1] "save region:"
[1] 3689
[1] 19
[1] "save region:"
[1] 3690
[1] 66
[1] "save region:"
[1] 3691
[1] 130
[1] "save region:"
[1] 3692
[1] 9
[1] "save region:"
[1] 3693
[1] 42
[1] "save region:"
[1] 3694
[1] 5
[1] "save region:"
[1] 3695
[1] 7
[1] "save region:"
[1] 3696
[1] 18
[1] "save region:"
[1] 3697
[1] 4
[1] "save region:"
[1] 3698
[1] 71
[1] "save region:"
[1] 3699
[1] 25
[1] "save region:"
[1] 3700
[1] 43
[1] "save region:"
[1] 3701
[1] 10
[1] "save region:"
[1] 3702
[1] 18
[1] "save region:"
[1] 3703
[1] 9
[1] "save region:"
[1] 3704
[1] 10
[1] "save region:"
[1] 3705
[1] 6
[1] "save region:"
[1] 3706
[1] 44
[1] "save region:"
[1] 3707
[1] 48
[1] "save region:"
[1] 3708
[1] 91
[1] "save region:"
[1] 3709
[1] 83
[1] "save region:"
[1] 3710
[1] 160
[1] "save region:"
[1] 3711
[1] 104
[1] "save region:"
[1] 3712
[1] 70
[1] "save region:"
[1] 3713
[1] 63
[1] "save region:"
[1] 3714
[1] 18
[1] "save region:"
[1] 3715
[1] 7
[1] "save region:"
[1] 3716
[1] 1
[1] "save region:"
[1] 3717
[1] 22
[1] "save region:"
[1] 3718
[1] 310
[1] "save region:"
[1] 3719
[1] 9
[1] "save region:"
[1] 3720
[1] 334
[1] "save region:"
[1] 3721
[1] 70
[1] "save region:"
[1] 3722
[1] 269
[1] "save region:"
[1] 3723
[1] 230
[1] "save region:"
[1] 3724
[1] 393
[1] "save region:"
[1] 3725
[1] 259
[1] "save region:"
[1] 3726
[1] 22
[1] "save region:"
[1] 3727
[1] 135
[1] "save region:"
[1] 3728
[1] 699
[1] "save region:"
[1] 3729
[1] 628
[1] "save region:"
[1] 3730
[1] 64
[1] "save region:"
[1] 3731
[1] 69
[1] "save region:"
[1] 3732
[1] 27
[1] "save region:"
[1] 3733
[1] 187
[1] "save region:"
[1] 3734
[1] 393
[1] "save region:"
[1] 3735
[1] 250
[1] "save region:"
[1] 3736
[1] 40
[1] "save region:"
[1] 3737
[1] 70
[1] "save region:"
[1] 3738
[1] 49
[1] "save region:"
[1] 3739
[1] 178
[1] "save region:"
[1] 3740
[1] 221
[1] "save region:"
[1] 3741
[1] 2228
[1] "save region:"
[1] 3742
[1] 12951
[1] "save region:"
[1] 3743
[1] 59
[1] "save region:"
[1] 3744
[1] 118
[1] "save region:"
[1] 3745
[1] 6989
[1] "save region:"
[1] 3746
[1] 59
[1] "save region:"
[1] 3747
[1] 318
[1] "save region:"
[1] 3748
[1] 192
[1] "save region:"
[1] 3749
[1] 45
[1] "save region:"
[1] 3750
[1] 406
[1] "save region:"
[1] 3751
[1] 83
[1] "save region:"
[1] 3752
[1] 267
[1] "save region:"
[1] 3753
[1] 133
[1] "save region:"
[1] 3754
[1] 30
[1] "save region:"
[1] 3755
[1] 111
[1] "save region:"
[1] 3756
[1] 217
[1] "save region:"
[1] 3757
[1] 13
[1] "save region:"
[1] 3758
[1] 153
[1] "save region:"
[1] 3759
[1] 11
[1] "save region:"
[1] 3760
[1] 13
[1] "save region:"
[1] 3761
[1] 35
[1] "save region:"
[1] 3762
[1] 14
[1] "save region:"
[1] 3763
[1] 21
[1] "save region:"
[1] 3764
[1] 19
[1] "save region:"
[1] 3765
[1] 20
[1] "save region:"
[1] 3766
[1] 17
[1] "save region:"
[1] 3767
[1] 79
[1] "save region:"
[1] 3768
[1] 52
[1] "save region:"
[1] 3769
[1] 51
[1] "save region:"
[1] 3770
[1] 167
[1] "save region:"
[1] 3771
[1] 126
[1] "save region:"
[1] 3772
[1] 328
[1] "save region:"
[1] 3773
[1] 143
[1] "save region:"
[1] 3774
[1] 100
[1] "save region:"
[1] 3775
[1] 9
[1] "save region:"
[1] 3776
[1] 283
[1] "save region:"
[1] 3777
[1] 32
[1] "save region:"
[1] 3778
[1] 186
[1] "save region:"
[1] 3779
[1] 36
[1] "save region:"
[1] 3780
[1] 229
[1] "save region:"
[1] 3781
[1] 629
[1] "save region:"
[1] 3782
[1] 155
[1] "save region:"
[1] 3783
[1] 5
[1] "save region:"
[1] 3784
[1] 18
[1] "save region:"
[1] 3785
[1] 179
[1] "save region:"
[1] 3786
[1] 97
[1] "save region:"
[1] 3787
[1] 11
[1] "save region:"
[1] 3788
[1] 29
[1] "save region:"
[1] 3789
[1] 29
[1] "save region:"
[1] 3790
[1] 21
[1] "save region:"
[1] 3791
[1] 81
[1] "save region:"
[1] 3792
[1] 140
[1] "save region:"
[1] 3793
[1] 1332
[1] "save region:"
[1] 3794
[1] 18
[1] "save region:"
[1] 3795
[1] 189
[1] "save region:"
[1] 3796
[1] 404
[1] "save region:"
[1] 3797
[1] 271
[1] "save region:"
[1] 3798
[1] 1235
[1] "save region:"
[1] 3799
[1] 128
[1] "save region:"
[1] 3800
[1] 473
[1] "save region:"
[1] 3801
[1] 134
[1] "save region:"
[1] 3802
[1] 6925
[1] "save region:"
[1] 3803
[1] 10
[1] "save region:"
[1] 3804
[1] 87
[1] "save region:"
[1] 3805
[1] 1887
[1] "save region:"
[1] 3806
[1] 184
[1] "save region:"
[1] 3807
[1] 2476
[1] "save region:"
[1] 3808
[1] 45
[1] "save region:"
[1] 3809
[1] 3440
[1] "save region:"
[1] 3810
[1] 137
[1] "save region:"
[1] 3811
[1] 30
[1] "save region:"
[1] 3812
[1] 47
[1] "save region:"
[1] 3813
[1] 17
[1] "save region:"
[1] 3814
[1] 87
[1] "save region:"
[1] 3815
[1] 52
[1] "save region:"
[1] 3816
[1] 1215
[1] "save region:"
[1] 3817
[1] 72
[1] "save region:"
[1] 3818
[1] 55
[1] "save region:"
[1] 3819
[1] 112
[1] "save region:"
[1] 3820
[1] 28
[1] "save region:"
[1] 3821
[1] 29
[1] "save region:"
[1] 3822
[1] 12653
[1] "save region:"
[1] 3823
[1] 6
[1] "save region:"
[1] 3824
[1] 1
[1] "save region:"
[1] 3825
[1] 998
[1] "save region:"
[1] 3826
[1] 6611
[1] "save region:"
[1] 3827
[1] 6
[1] "save region:"
[1] 3828
[1] 4
[1] "save region:"
[1] 3829
[1] 5
[1] "save region:"
[1] 3830
[1] 61
[1] "save region:"
[1] 3831
[1] 7
[1] "save region:"
[1] 3832
[1] 122
[1] "save region:"
[1] 3833
[1] 28
[1] "save region:"
[1] 3834
[1] 187
[1] "save region:"
[1] 3835
[1] 83
[1] "save region:"
[1] 3836
[1] 149
[1] "save region:"
[1] 3837
[1] 25
[1] "save region:"
[1] 3838
[1] 507
[1] "save region:"
[1] 3839
[1] 11
[1] "save region:"
[1] 3840
[1] 8
[1] "save region:"
[1] 3841
[1] 34
[1] "save region:"
[1] 3842
[1] 132
[1] "save region:"
[1] 3843
[1] 10
[1] "save region:"
[1] 3844
[1] 23
[1] "save region:"
[1] 3845
[1] 45
[1] "save region:"
[1] 3846
[1] 7
[1] "save region:"
[1] 3847
[1] 285
[1] "save region:"
[1] 3848
[1] 36
[1] "save region:"
[1] 3849
[1] 20
[1] "save region:"
[1] 3850
[1] 133
[1] "save region:"
[1] 3851
[1] 25
[1] "save region:"
[1] 3852
[1] 21
[1] "save region:"
[1] 3853
[1] 65
[1] "save region:"
[1] 3854
[1] 290
[1] "save region:"
[1] 3855
[1] 446
[1] "save region:"
[1] 3856
[1] 59
[1] "save region:"
[1] 3857
[1] 8
[1] "save region:"
[1] 3858
[1] 192
[1] "save region:"
[1] 3859
[1] 188
[1] "save region:"
[1] 3860
[1] 261
[1] "save region:"
[1] 3861
[1] 76
[1] "save region:"
[1] 3862
[1] 12
[1] "save region:"
[1] 3863
[1] 166
[1] "save region:"
[1] 3864
[1] 27
[1] "save region:"
[1] 3865
[1] 23
[1] "save region:"
[1] 3866
[1] 1
[1] "save region:"
[1] 3867
[1] 72
[1] "save region:"
[1] 3868
[1] 12
[1] "save region:"
[1] 3869
[1] 5
[1] "save region:"
[1] 3870
[1] 2
[1] "save region:"
[1] 3871
[1] 40
[1] "save region:"
[1] 3872
[1] 44
[1] "save region:"
[1] 3873
[1] 100
[1] "save region:"
[1] 3874
[1] 193
[1] "save region:"
[1] 3875
[1] 48
[1] "save region:"
[1] 3876
[1] 29
[1] "save region:"
[1] 3877
[1] 55
[1] "save region:"
[1] 3878
[1] 62
[1] "save region:"
[1] 3879
[1] 68
[1] "save region:"
[1] 3880
[1] 51
[1] "save region:"
[1] 3881
[1] 9
[1] "save region:"
[1] 3882
[1] 103
[1] "save region:"
[1] 3883
[1] 93
[1] "save region:"
[1] 3884
[1] 51
[1] "save region:"
[1] 3885
[1] 68
[1] "save region:"
[1] 3886
[1] 62
[1] "save region:"
[1] 3887
[1] 61
[1] "save region:"
[1] 3888
[1] 28
[1] "save region:"
[1] 3889
[1] 54
[1] "save region:"
[1] 3890
[1] 93
[1] "save region:"
[1] 3891
[1] 12
[1] "save region:"
[1] 3892
[1] 3
[1] "save region:"
[1] 3893
[1] 1223
[1] "save region:"
[1] 3894
[1] 744
[1] "save region:"
[1] 3895
[1] 43
[1] "save region:"
[1] 3896
[1] 2
[1] "save region:"
[1] 3897
[1] 280
[1] "save region:"
[1] 3898
[1] 315
[1] "save region:"
[1] 3899
[1] 3
[1] "save region:"
[1] 3900
[1] 63
[1] "save region:"
[1] 3901
[1] 215
[1] "save region:"
[1] 3902
[1] 185
[1] "save region:"
[1] 3903
[1] 116
[1] "save region:"
[1] 3904
[1] 15
[1] "save region:"
[1] 3905
[1] 38
[1] "save region:"
[1] 3906
[1] 19
[1] "save region:"
[1] 3907
[1] 28
[1] "save region:"
[1] 3908
[1] 19
[1] "save region:"
[1] 3909
[1] 48
[1] "save region:"
[1] 3910
[1] 305
[1] "save region:"
[1] 3911
[1] 32
[1] "save region:"
[1] 3912
[1] 130
[1] "save region:"
[1] 3913
[1] 917
[1] "save region:"
[1] 3914
[1] 48
[1] "save region:"
[1] 3915
[1] 129
[1] "save region:"
[1] 3916
[1] 75
[1] "save region:"
[1] 3917
[1] 93
[1] "save region:"
[1] 3918
[1] 44
[1] "save region:"
[1] 3919
[1] 13
[1] "save region:"
[1] 3920
[1] 134
[1] "save region:"
[1] 3921
[1] 77
[1] "save region:"
[1] 3922
[1] 14
[1] "save region:"
[1] 3923
[1] 26
[1] "save region:"
[1] 3924
[1] 11
[1] "save region:"
[1] 3925
[1] 87
[1] "save region:"
[1] 3926
[1] 32
[1] "save region:"
[1] 3927
[1] 19
[1] "save region:"
[1] 3928
[1] 13
[1] "save region:"
[1] 3929
[1] 7
[1] "save region:"
[1] 3930
[1] 4
[1] "save region:"
[1] 3931
[1] 65
[1] "save region:"
[1] 3932
[1] 17
[1] "save region:"
[1] 3933
[1] 48
[1] "save region:"
[1] 3934
[1] 91
[1] "save region:"
[1] 3935
[1] 157
[1] "save region:"
[1] 3936
[1] 369
[1] "save region:"
[1] 3937
[1] 9
[1] "save region:"
[1] 3938
[1] 12483
[1] "save region:"
[1] 3939
[1] 1534
[1] "save region:"
[1] 3940
[1] 212
[1] "save region:"
[1] 3941
[1] 445
[1] "save region:"
[1] 3942
[1] 59
[1] "save region:"
[1] 3943
[1] 111
[1] "save region:"
[1] 3944
[1] 142
[1] "save region:"
[1] 3945
[1] 138
[1] "save region:"
[1] 3946
[1] 13
[1] "save region:"
[1] 3947
[1] 153
[1] "save region:"
[1] 3948
[1] 36
[1] "save region:"
[1] 3949
[1] 3
[1] "save region:"
[1] 3950
[1] 43
[1] "save region:"
[1] 3951
[1] 20
[1] "save region:"
[1] 3952
[1] 16
[1] "save region:"
[1] 3953
[1] 80
[1] "save region:"
[1] 3954
[1] 53
[1] "save region:"
[1] 3955
[1] 89
[1] "save region:"
[1] 3956
[1] 167
[1] "save region:"
[1] 3957
[1] 328
[1] "save region:"
[1] 3958
[1] 70
[1] "save region:"
[1] 3959
[1] 109
[1] "save region:"
[1] 3960
[1] 58
[1] "save region:"
[1] 3961
[1] 241
[1] "save region:"
[1] 3962
[1] 47
[1] "save region:"
[1] 3963
[1] 169
[1] "save region:"
[1] 3964
[1] 50
[1] "save region:"
[1] 3965
[1] 67
[1] "save region:"
[1] 3966
[1] 629
[1] "save region:"
[1] 3967
[1] 257
[1] "save region:"
[1] 3968
[1] 18
[1] "save region:"
[1] 3969
[1] 180
[1] "save region:"
[1] 3970
[1] 6
[1] "save region:"
[1] 3971
[1] 13
[1] "save region:"
[1] 3972
[1] 149
[1] "save region:"
[1] 3973
[1] 34
[1] "save region:"
[1] 3974
[1] 6
[1] "save region:"
[1] 3975
[1] 362
[1] "save region:"
[1] 3976
[1] 12
[1] "save region:"
[1] 3977
[1] 16
[1] "save region:"
[1] 3978
[1] 7
[1] "save region:"
[1] 3979
[1] 150
[1] "save region:"
[1] 3980
[1] 12
[1] "save region:"
[1] 3981
[1] 230
[1] "save region:"
[1] 3982
[1] 9
[1] "save region:"
[1] 3983
[1] 14
[1] "save region:"
[1] 3984
[1] 16
[1] "save region:"
[1] 3985
[1] 10
[1] "save region:"
[1] 3986
[1] 45
[1] "save region:"
[1] 3987
[1] 11
[1] "save region:"
[1] 3988
[1] 142
[1] "save region:"
[1] 3989
[1] 4
[1] "save region:"
[1] 3990
[1] 8
[1] "save region:"
[1] 3991
[1] 9
[1] "save region:"
[1] 3992
[1] 10
[1] "save region:"
[1] 3993
[1] 14
[1] "save region:"
[1] 3994
[1] 14
[1] "save region:"
[1] 3995
[1] 150
[1] "save region:"
[1] 3996
[1] 5
[1] "save region:"
[1] 3997
[1] 6
[1] "save region:"
[1] 3998
[1] 59
[1] "save region:"
[1] 3999
[1] 17
[1] "save region:"
[1] 4000
[1] 9
[1] "save region:"
[1] 4001
[1] 9
[1] "save region:"
[1] 4002
[1] 7
[1] "save region:"
[1] 4003
[1] 143
[1] "save region:"
[1] 4004
[1] 11
[1] "save region:"
[1] 4005
[1] 28
[1] "save region:"
[1] 4006
[1] 7
[1] "save region:"
[1] 4007
[1] 65
[1] "save region:"
[1] 4008
[1] 9
[1] "save region:"
[1] 4009
[1] 9
[1] "save region:"
[1] 4010
[1] 14
[1] "save region:"
[1] 4011
[1] 150
[1] "save region:"
[1] 4012
[1] 10
[1] "save region:"
[1] 4013
[1] 27
[1] "save region:"
[1] 4014
[1] 16
[1] "save region:"
[1] 4015
[1] 9
[1] "save region:"
[1] 4016
[1] 10
[1] "save region:"
[1] 4017
[1] 150
[1] "save region:"
[1] 4018
[1] 6
[1] "save region:"
[1] 4019
[1] 246
[1] "save region:"
[1] 4020
[1] 13
[1] "save region:"
[1] 4021
[1] 13
[1] "save region:"
[1] 4022
[1] 43
[1] "save region:"
[1] 4023
[1] 26
[1] "save region:"
[1] 4024
[1] 83
[1] "save region:"
[1] 4025
[1] 32
[1] "save region:"
[1] 4026
[1] 88
[1] "save region:"
[1] 4027
[1] 34
[1] "save region:"
[1] 4028
[1] 19
[1] "save region:"
[1] 4029
[1] 15
[1] "save region:"
[1] 4030
[1] 9
[1] "save region:"
[1] 4031
[1] 5
[1] "save region:"
[1] 4032
[1] 30
[1] "save region:"
[1] 4033
[1] 11
[1] "save region:"
[1] 4034
[1] 28
[1] "save region:"
[1] 4035
[1] 55
[1] "save region:"
[1] 4036
[1] 7
[1] "save region:"
[1] 4037
[1] 38
[1] "save region:"
[1] 4038
[1] 3
[1] "save region:"
[1] 4039
[1] 11
[1] "save region:"
[1] 4040
[1] 104
[1] "save region:"
[1] 4041
[1] 5
[1] "save region:"
[1] 4042
[1] 8
[1] "save region:"
[1] 4043
[1] 52
[1] "save region:"
[1] 4044
[1] 68
[1] "save region:"
[1] 4045
[1] 8
[1] "save region:"
[1] 4046
[1] 67
[1] "save region:"
[1] 4047
[1] 28
[1] "save region:"
[1] 4048
[1] 79
[1] "save region:"
[1] 4049
[1] 9
[1] "save region:"
[1] 4050
[1] 16
[1] "save region:"
[1] 4051
[1] 44
[1] "save region:"
[1] 4052
[1] 4
[1] "save region:"
[1] 4053
[1] 143
[1] "save region:"
[1] 4054
[1] 37
[1] "save region:"
[1] 4055
[1] 21
[1] "save region:"
[1] 4056
[1] 81
[1] "save region:"
[1] 4057
[1] 5
[1] "save region:"
[1] 4058
[1] 5
[1] "save region:"
[1] 4059
[1] 189
[1] "save region:"
[1] 4060
[1] 170
[1] "save region:"
[1] 4061
[1] 39
[1] "save region:"
[1] 4062
[1] 223
[1] "save region:"
[1] 4063
[1] 109
[1] "save region:"
[1] 4064
[1] 248
[1] "save region:"
[1] 4065
[1] 263
[1] "save region:"
[1] 4066
[1] 157
[1] "save region:"
[1] 4067
[1] 7
[1] "save region:"
[1] 4068
[1] 13
[1] "save region:"
[1] 4069
[1] 200
[1] "save region:"
[1] 4070
[1] 245
[1] "save region:"
[1] 4071
[1] 20
[1] "save region:"
[1] 4072
[1] 244
[1] "save region:"
[1] 4073
[1] 255
[1] "save region:"
[1] 4074
[1] 113
[1] "save region:"
[1] 4075
[1] 160
[1] "save region:"
[1] 4076
[1] 294
[1] "save region:"
[1] 4077
[1] 78
[1] "save region:"
[1] 4078
[1] 252
[1] "save region:"
[1] 4079
[1] 333
[1] "save region:"
[1] 4080
[1] 235
[1] "save region:"
[1] 4081
[1] 268
[1] "save region:"
[1] 4082
[1] 76
[1] "save region:"
[1] 4083
[1] 50
[1] "save region:"
[1] 4084
[1] 290
[1] "save region:"
[1] 4085
[1] 1074
[1] "save region:"
[1] 4086
[1] 22
[1] "save region:"
[1] 4087
[1] 360
[1] "save region:"
[1] 4088
[1] 55
[1] "save region:"
[1] 4089
[1] 212
[1] "save region:"
[1] 4090
[1] 519
[1] "save region:"
[1] 4091
[1] 40
[1] "save region:"
[1] 4092
[1] 220
[1] "save region:"
[1] 4093
[1] 103
[1] "save region:"
[1] 4094
[1] 26
[1] "save region:"
[1] 4095
[1] 296
[1] "save region:"
[1] 4096
[1] 4
[1] "save region:"
[1] 4097
[1] 42
[1] "save region:"
[1] 4098
[1] 5
[1] "save region:"
[1] 4099
[1] 5
[1] "save region:"
[1] 4100
[1] 28
[1] "save region:"
[1] 4101
[1] 83
[1] "save region:"
[1] 4102
[1] 23
[1] "save region:"
[1] 4103
[1] 327
[1] "save region:"
[1] 4104
[1] 28
[1] "save region:"
[1] 4105
[1] 71
[1] "save region:"
[1] 4106
[1] 73
[1] "save region:"
[1] 4107
[1] 7
[1] "save region:"
[1] 4108
[1] 13
[1] "save region:"
[1] 4109
[1] 46
[1] "save region:"
[1] 4110
[1] 36
[1] "save region:"
[1] 4111
[1] 85
[1] "save region:"
[1] 4112
[1] 20
[1] "save region:"
[1] 4113
[1] 47
[1] "save region:"
[1] 4114
[1] 26
[1] "save region:"
[1] 4115
[1] 18
[1] "save region:"
[1] 4116
[1] 85
[1] "save region:"
[1] 4117
[1] 8
[1] "save region:"
[1] 4118
[1] 36
[1] "save region:"
[1] 4119
[1] 42
[1] "save region:"
[1] 4120
[1] 19
[1] "save region:"
[1] 4121
[1] 31
[1] "save region:"
[1] 4122
[1] 31
[1] "save region:"
[1] 4123
[1] 8
[1] "save region:"
[1] 4124
[1] 17
[1] "Export gff function"
[1] "read repeats"
[1] "wrtiting repeats"
[1] "finished saving"
[1] "edit distance"
[1] "Available classes: "
[1] "no classes assigned to the repeats to calculate edit distance, stopping edit distance calculation"
            used   (Mb) gc trigger    (Mb)   max used    (Mb)
Ncells   3017267  161.2   25543700  1364.2   49890037  2664.5
Vcells 833742103 6361.0 1548824255 11816.6 1541987535 11764.5
[1] "Available classes: NA"
[1] "Available classes: NA"
[1] "Available classes: NA"
[1] "Available classes: NA"
[1] "Available classes: NA"
[1] "Available classes: NA"
[1] "Available classes: NA"
[1] "Available classes: NA"
[1] "Available classes: NA"
[1] "Available classes: NA"
[1] "Available classes: NA"
[1] "Available classes: NA"
[1] "Available classes: NA"
[1] "Available classes: NA"
[1] "Available classes: NA"
[1] "Available classes: NA"
[1] "Available classes: NA"
[1] "Available classes: NA"
[1] "Available classes: NA"
[1] "Available classes: NA"
[1] "Available classes: NA"
[1] "Available classes: NA"
[1] "Available classes: NA"
[1] "Available classes: NA"
[1] "Available classes: NA"
[1] "Available classes: NA"
[1] "Available classes: NA"
[1] "Available classes: NA"
[1] "Available classes: NA"
[1] "Available classes: NA"
[1] "Available classes: NA"
[1] "Available classes: NA"
[1] "Available classes: NA"
[1] "Available classes: NA"
[1] "Available classes: NA"
[1] "Available classes: NA"
[1] "Available classes: NA"
[1] "Available classes: NA"
[1] "Available classes: NA"
[1] "Available classes: NA"
[1] "Available classes: NA"
[1] "Available classes: NA"
[1] "Available classes: NA"
[1] "Available classes: NA"
[1] "Available classes: NA"
[1] "Available classes: NA"
[1] "Available classes: NA"
[1] "Available classes: NA"
            used   (Mb) gc trigger    (Mb)   max used    (Mb)
Ncells   3024481  161.6   20434960  1091.4   49890037  2664.5
Vcells 833761053 6361.1 1548824255 11816.6 1548683463 11815.6
[1] "plotting"
[1] "circos"
[1] "identify chromosomes"
[1] "Identify main peaks"
[1] "Merge peaks"
[1] "export data"
[1] "Circos Plotting"
[1] "set sectors"
[1] "generate circos plot"
[1] "1"
Error: Summation of cell padding on x-direction are larger than the width for
some sectors. You can e.g. set 'circos.par(cell.padding = c(0.02, 0,
0.02, 0))' or remove tiny sectors.
Execution halted
Command exited with non-zero status 1
	Command being timed: "singularity exec ./bwtbench.sif TRASH_run.sh /data/gpfs/assoc/pgl/filip/bwtandem/ncbi_dataset/data/GCA_000001405.15/GCA_000001405.15_GRCh38_genomic.fna --o /data/gpfs/assoc/pgl/filip/bwtandem/benchmarking_results/trash/results/GCA_000001405.15_GRCh38_genomic_trash --par 2"
	User time (seconds): 750022.80
	System time (seconds): 4218.27
	Percent of CPU this job got: 194%
	Elapsed (wall clock) time (h:mm:ss or m:ss): 107:37:36
	Average shared text size (kbytes): 0
	Average unshared data size (kbytes): 0
	Average stack size (kbytes): 0
	Average total size (kbytes): 0
	Maximum resident set size (kbytes): 15298244
	Average resident set size (kbytes): 0
	Major (requiring I/O) page faults: 13507
	Minor (reclaiming a frame) page faults: 996722470
	Voluntary context switches: 13492038
	Involuntary context switches: 2687292
	Swaps: 0
	File system inputs: 5465336
	File system outputs: 0
	Socket messages sent: 0
	Socket messages received: 0
	Signals delivered: 0
	Page size (bytes): 4096
	Exit status: 1
[1] "2026-04-13 07:20:04 PDT"
[1] "Working on sequence 10"
[1] "Repeat Identification new"
[1] "/data/gpfs/assoc/pgl/filip/bwtandem/benchmarking_results/trash/results/GCA_000001405.15_GRCh38_genomic_trash"
[1] "GCA_000001405.15_GRCh38_genomic.fna"
[1] "2026-04-13 11:09:19 PDT"
[1] "Working on sequence 8"
[1] "Repeat Identification new"
[1] "/data/gpfs/assoc/pgl/filip/bwtandem/benchmarking_results/trash/results/GCA_000001405.15_GRCh38_genomic_trash"
[1] "GCA_000001405.15_GRCh38_genomic.fna"
[1] "2026-04-13 14:01:00 PDT"
[1] "Working on sequence 9"
[1] "Repeat Identification new"
[1] "/data/gpfs/assoc/pgl/filip/bwtandem/benchmarking_results/trash/results/GCA_000001405.15_GRCh38_genomic_trash"
[1] "GCA_000001405.15_GRCh38_genomic.fna"
[1] "2026-04-13 20:42:31 PDT"
[1] "Working on sequence 10"
[1] "Repeat Identification new"
[1] "/data/gpfs/assoc/pgl/filip/bwtandem/benchmarking_results/trash/results/GCA_000001405.15_GRCh38_genomic_trash"
[1] "GCA_000001405.15_GRCh38_genomic.fna"
[1] "2026-04-14 00:16:03 PDT"
[1] "Working on sequence 11"
[1] "Repeat Identification new"
[1] "/data/gpfs/assoc/pgl/filip/bwtandem/benchmarking_results/trash/results/GCA_000001405.15_GRCh38_genomic_trash"
[1] "GCA_000001405.15_GRCh38_genomic.fna"
[1] "2026-04-14 05:46:30 PDT"
[1] "Working on sequence 12"
[1] "Repeat Identification new"
[1] "/data/gpfs/assoc/pgl/filip/bwtandem/benchmarking_results/trash/results/GCA_000001405.15_GRCh38_genomic_trash"
[1] "GCA_000001405.15_GRCh38_genomic.fna"
[1] "2026-04-14 08:33:33 PDT"
[1] "Working on sequence 13"
[1] "Repeat Identification new"
[1] "/data/gpfs/assoc/pgl/filip/bwtandem/benchmarking_results/trash/results/GCA_000001405.15_GRCh38_genomic_trash"
[1] "GCA_000001405.15_GRCh38_genomic.fna"
[1] "2026-04-14 15:39:01 PDT"
[1] "Working on sequence 14"
[1] "Repeat Identification new"
[1] "/data/gpfs/assoc/pgl/filip/bwtandem/benchmarking_results/trash/results/GCA_000001405.15_GRCh38_genomic_trash"
[1] "GCA_000001405.15_GRCh38_genomic.fna"
[1] "2026-04-14 16:19:58 PDT"
[1] "Working on sequence 15"
[1] "Repeat Identification new"
[1] "/data/gpfs/assoc/pgl/filip/bwtandem/benchmarking_results/trash/results/GCA_000001405.15_GRCh38_genomic_trash"
[1] "GCA_000001405.15_GRCh38_genomic.fna"
[1] "2026-04-14 22:55:33 PDT"
[1] "Working on sequence 16"
[1] "Repeat Identification new"
[1] "/data/gpfs/assoc/pgl/filip/bwtandem/benchmarking_results/trash/results/GCA_000001405.15_GRCh38_genomic_trash"
[1] "GCA_000001405.15_GRCh38_genomic.fna"
[1] "2026-04-15 00:27:08 PDT"
[1] "Working on sequence 17"
[1] "Repeat Identification new"
[1] "/data/gpfs/assoc/pgl/filip/bwtandem/benchmarking_results/trash/results/GCA_000001405.15_GRCh38_genomic_trash"
[1] "GCA_000001405.15_GRCh38_genomic.fna"
[1] "2026-04-15 00:38:16 PDT"
[1] "Working on sequence 19"
[1] "Repeat Identification new"
[1] "/data/gpfs/assoc/pgl/filip/bwtandem/benchmarking_results/trash/results/GCA_000001405.15_GRCh38_genomic_trash"
[1] "GCA_000001405.15_GRCh38_genomic.fna"
[1] "2026-04-15 05:37:41 PDT"
[1] "Working on sequence 18"
[1] "Repeat Identification new"
[1] "/data/gpfs/assoc/pgl/filip/bwtandem/benchmarking_results/trash/results/GCA_000001405.15_GRCh38_genomic_trash"
[1] "GCA_000001405.15_GRCh38_genomic.fna"
[1] "2026-04-15 09:53:29 PDT"
[1] "Working on sequence 21"
[1] "Repeat Identification new"
[1] "/data/gpfs/assoc/pgl/filip/bwtandem/benchmarking_results/trash/results/GCA_000001405.15_GRCh38_genomic_trash"
[1] "GCA_000001405.15_GRCh38_genomic.fna"
[1] "2026-04-15 11:04:54 PDT"
[1] "Working on sequence 20"
[1] "Repeat Identification new"
[1] "/data/gpfs/assoc/pgl/filip/bwtandem/benchmarking_results/trash/results/GCA_000001405.15_GRCh38_genomic_trash"
[1] "GCA_000001405.15_GRCh38_genomic.fna"
[1] "2026-04-15 16:03:06 PDT"
[1] "Working on sequence 23"
[1] "Repeat Identification new"
[1] "/data/gpfs/assoc/pgl/filip/bwtandem/benchmarking_results/trash/results/GCA_000001405.15_GRCh38_genomic_trash"
[1] "GCA_000001405.15_GRCh38_genomic.fna"
[1] "2026-04-15 18:15:48 PDT"
[1] "Working on sequence 22"
[1] "Repeat Identification new"
[1] "/data/gpfs/assoc/pgl/filip/bwtandem/benchmarking_results/trash/results/GCA_000001405.15_GRCh38_genomic_trash"
[1] "GCA_000001405.15_GRCh38_genomic.fna"
[1] "2026-04-15 21:04:16 PDT"
[1] "Working on sequence 25"
[1] "Repeat Identification new"
[1] "/data/gpfs/assoc/pgl/filip/bwtandem/benchmarking_results/trash/results/GCA_000001405.15_GRCh38_genomic_trash"
[1] "GCA_000001405.15_GRCh38_genomic.fna"
[1] "2026-04-15 23:00:59 PDT"
[1] "Working on sequence 24"
[1] "Repeat Identification new"
[1] "/data/gpfs/assoc/pgl/filip/bwtandem/benchmarking_results/trash/results/GCA_000001405.15_GRCh38_genomic_trash"
[1] "GCA_000001405.15_GRCh38_genomic.fna"
[1] "2026-04-16 00:10:55 PDT"
[1] "Working on sequence 27"
[1] "Repeat Identification new"
[1] "/data/gpfs/assoc/pgl/filip/bwtandem/benchmarking_results/trash/results/GCA_000001405.15_GRCh38_genomic_trash"
[1] "GCA_000001405.15_GRCh38_genomic.fna"
[1] "2026-04-16 00:24:12 PDT"
[1] "Working on sequence 29"
[1] "Repeat Identification new"
[1] "/data/gpfs/assoc/pgl/filip/bwtandem/benchmarking_results/trash/results/GCA_000001405.15_GRCh38_genomic_trash"
[1] "GCA_000001405.15_GRCh38_genomic.fna"
[1] "2026-04-16 00:28:42 PDT"
[1] "Working on sequence 31"
[1] "Repeat Identification new"
[1] "/data/gpfs/assoc/pgl/filip/bwtandem/benchmarking_results/trash/results/GCA_000001405.15_GRCh38_genomic_trash"
[1] "GCA_000001405.15_GRCh38_genomic.fna"
[1] "2026-04-16 00:37:33 PDT"
[1] "Working on sequence 33"
[1] "Repeat Identification new"
[1] "/data/gpfs/assoc/pgl/filip/bwtandem/benchmarking_results/trash/results/GCA_000001405.15_GRCh38_genomic_trash"
[1] "GCA_000001405.15_GRCh38_genomic.fna"
[1] "2026-04-16 00:43:15 PDT"
[1] "Working on sequence 35"
[1] "Repeat Identification new"
[1] "/data/gpfs/assoc/pgl/filip/bwtandem/benchmarking_results/trash/results/GCA_000001405.15_GRCh38_genomic_trash"
[1] "GCA_000001405.15_GRCh38_genomic.fna"
[1] "2026-04-16 00:46:36 PDT"
[1] "Working on sequence 37"
[1] "Repeat Identification new"
[1] "/data/gpfs/assoc/pgl/filip/bwtandem/benchmarking_results/trash/results/GCA_000001405.15_GRCh38_genomic_trash"
[1] "GCA_000001405.15_GRCh38_genomic.fna"
[1] "2026-04-16 01:01:38 PDT"
[1] "Working on sequence 39"
[1] "Repeat Identification new"
[1] "/data/gpfs/assoc/pgl/filip/bwtandem/benchmarking_results/trash/results/GCA_000001405.15_GRCh38_genomic_trash"
[1] "GCA_000001405.15_GRCh38_genomic.fna"
[1] "2026-04-16 01:16:55 PDT"
[1] "Working on sequence 41"
[1] "Repeat Identification new"
[1] "/data/gpfs/assoc/pgl/filip/bwtandem/benchmarking_results/trash/results/GCA_000001405.15_GRCh38_genomic_trash"
[1] "GCA_000001405.15_GRCh38_genomic.fna"
[1] "2026-04-16 01:31:51 PDT"
[1] "Working on sequence 43"
[1] "Repeat Identification new"
[1] "/data/gpfs/assoc/pgl/filip/bwtandem/benchmarking_results/trash/results/GCA_000001405.15_GRCh38_genomic_trash"
[1] "GCA_000001405.15_GRCh38_genomic.fna"
[1] "2026-04-16 01:46:51 PDT"
[1] "Working on sequence 45"
[1] "Repeat Identification new"
[1] "/data/gpfs/assoc/pgl/filip/bwtandem/benchmarking_results/trash/results/GCA_000001405.15_GRCh38_genomic_trash"
[1] "GCA_000001405.15_GRCh38_genomic.fna"
[1] "2026-04-16 02:01:40 PDT"
[1] "Working on sequence 47"
[1] "Repeat Identification new"
[1] "/data/gpfs/assoc/pgl/filip/bwtandem/benchmarking_results/trash/results/GCA_000001405.15_GRCh38_genomic_trash"
[1] "GCA_000001405.15_GRCh38_genomic.fna"
